年	2082013
日	1079113
大	969436
本	783536
人	773590
月	742459
一	692893
国	687434
中	666081
学	657851
行	622943
後	580617
出	567934
時	561241
地	541552
用	526888
作	513730
上	513089
的	506009
部	502759
合	491241
場	473580
発	466934
代	463817
会	457519
名	449314
生	443976
戦	434413
事	422388
者	406980
同	404985
市	400149
間	391518
分	389640
高	372558
現	370215
定	365311
成	352003
道	350176
動	350041
在	349911
子	349098
長	344769
多	336840
東	335545
自	335479
入	333290
手	328641
方	328612
車	326860
主	325539
内	324025
前	322680
社	320569
業	320002
立	318784
以	315196
線	314725
体	313009
開	312128
通	308093
家	300970
機	298741
下	297302
対	296090
当	293187
化	293168
物	291205
山	289102
県	287357
関	282924
所	282428
設	273166
世	272206
全	269286
性	268263
最	266706
目	266145
数	266055
新	265049
第	264416
法	258087
見	257976
力	255179
田	254421
軍	249629
語	248576
初	244602
記	242325
実	241224
表	239379
川	234253
小	226027
度	225520
画	224190
使	221624
期	221508
文	220085
連	215256
駅	213669
品	213552
理	213291
式	212039
海	211863
教	210873
特	210194
言	209715
明	209190
北	209061
組	207974
校	206071
政	205926
選	203885
形	201931
位	199784
送	198863
放	197546
公	196591
野	196041
外	195562
島	194951
番	192956
置	192553
要	192307
能	192102
和	191975
制	191355
京	190220
原	183732
結	182064
活	181774
民	181717
水	181051
持	180700
面	180124
西	179929
神	179253
身	179147
回	177335
三	176992
来	176833
区	175793
元	174954
加	174520
女	174133
都	173194
受	172307
平	171740
意	169017
号	168507
気	168246
経	167535
正	166019
電	165746
取	165707
有	165610
等	165448
近	164633
運	163575
勝	161641
界	161519
町	161391
呼	158952
点	157919
治	156554
員	155832
書	155518
共	155027
知	154205
変	153760
次	153302
指	152680
際	152412
利	151996
続	151589
売	150916
演	150233
重	149826
南	149546
務	149506
金	148546
音	147649
王	147343
心	146782
型	146218
不	145772
州	145440
系	144665
流	143174
二	143131
進	142638
鉄	142613
参	141519
空	140950
称	139738
存	139231
路	138862
向	137939
楽	137729
天	136566
産	136559
他	136462
付	134736
造	133657
信	132968
様	131831
団	131792
始	131407
義	131391
曲	130504
口	130108
議	129970
種	129571
権	127960
無	127624
台	127372
得	127163
集	126476
製	125444
優	125251
保	124272
彼	123194
交	123084
広	122595
基	122553
両	122011
建	121126
解	120630
改	120468
少	120365
属	120182
別	119964
計	118876
登	118844
相	118543
域	118098
強	117567
決	117353
任	116932
説	114613
終	114058
工	113701
常	113031
約	111981
直	111870
隊	110865
可	110630
映	110215
移	109332
転	109304
統	108903
備	108345
果	107876
馬	106110
役	105805
側	105690
士	105306
構	105272
状	105206
古	104325
題	104251
引	104223
撃	103734
支	103294
格	103217
院	103167
安	102909
村	102561
録	102332
再	101137
球	100997
科	100148
府	100042
降	99356
木	99341
石	99310
城	98884
由	98798
類	98481
死	98205
各	97967
術	97425
編	97382
問	97345
話	97178
朝	97008
局	96581
伝	96501
命	96463
反	96247
装	96163
営	96129
起	95645
賞	95137
総	94303
技	94193
男	93588
乗	93456
考	93343
門	93269
論	93019
武	92648
着	92561
収	91990
字	90904
配	90607
示	89333
官	88865
半	88774
版	88555
止	88542
報	88298
先	88165
歌	87995
住	87860
族	87694
調	87548
兵	87498
判	87400
例	86873
列	86863
異	86707
味	85996
応	85958
土	85336
太	85266
艦	84531
色	83462
料	83059
領	83050
認	82733
争	82637
退	82635
載	82496
器	82394
光	82262
規	82221
宮	81665
紀	81256
屋	81023
独	80917
条	80787
岡	80380
単	80264
戸	79923
阪	79311
量	79300
派	79010
及	78985
研	78466
速	78340
史	78195
継	78170
育	77964
達	77821
必	77741
党	77361
試	77286
店	77203
般	77044
万	76978
管	76510
陸	76484
打	76048
英	75916
郡	75653
松	75578
氏	75557
過	75366
残	75010
接	74970
施	74861
頭	74752
予	74562
限	74556
親	74374
態	73982
観	73428
切	73360
競	73307
究	73301
込	73293
美	72819
井	72524
情	72205
含	72084
離	71849
皇	71836
件	71833
確	71654
述	71583
急	71349
園	71247
質	71174
旧	70980
葉	70902
係	70891
影	70459
攻	70390
食	70351
更	70288
館	69962
米	69923
真	69816
昭	69814
愛	69725
星	69683
思	69167
与	68972
走	68922
福	68848
良	68684
挙	68171
素	67632
橋	67172
歳	67129
容	66986
投	66958
師	66853
比	66576
資	66486
寺	66433
導	66161
藤	66067
細	65629
増	65521
周	65359
郎	65187
江	64989
帝	64902
商	64648
白	64477
価	64292
完	63775
展	63323
去	63285
率	63062
程	62641
照	62569
響	62404
父	62360
害	61911
非	61582
準	61519
十	61303
専	61290
落	61136
提	60856
復	60558
職	60427
象	60405
従	60204
風	60043
級	59848
衛	59411
客	59365
防	59361
今	59331
河	58913
船	58844
験	58775
評	58597
航	58551
供	58376
督	58307
監	58084
視	57902
足	57772
帯	57505
港	57443
母	57412
勢	57129
協	57077
敗	57036
為	56686
感	56534
藩	56464
張	56256
除	55739
崎	55729
歴	55696
四	55406
将	55304
廃	55270
衆	54904
個	54894
護	54838
念	54455
谷	54323
修	54288
低	54251
守	53819
担	53778
室	53719
末	53697
追	53410
洋	53002
千	52880
闘	52880
済	52842
失	52779
声	52683
採	52528
注	52286
殺	52251
御	52237
図	52198
難	52144
仕	52126
境	51856
消	51760
断	51740
頃	51739
然	51610
円	51591
差	51580
査	51340
司	51312
吉	51090
佐	51024
企	50927
源	50885
好	50838
破	50735
換	50731
割	50594
想	50583
宗	50535
座	50040
首	50036
違	49939
帰	49939
劇	49837
創	49836
渡	49662
模	49476
省	49301
極	48507
根	48063
芸	47944
津	47779
催	47763
横	47738
青	47625
補	47274
飛	47084
積	46962
求	46804
販	46746
央	46721
令	46710
助	46652
奏	46242
躍	46030
略	45886
波	45872
告	45595
警	45543
段	45358
久	45170
火	45124
標	44967
整	44754
卒	44660
徴	44469
五	44367
花	44245
夫	44125
階	44121
辺	43996
銀	43906
築	43867
何	43499
株	43470
伊	43424
右	43390
悪	43161
織	43140
八	42975
翌	42940
効	42810
著	42783
諸	42734
病	42551
就	42389
環	42374
検	42201
若	42127
左	42105
複	42050
満	42043
黒	41746
越	41703
圧	41640
短	41597
籍	41512
博	41392
描	41380
像	41377
宇	41261
街	41190
興	40982
旅	40860
察	40776
医	40743
赤	40741
策	40689
了	40615
端	40528
深	40516
委	40512
毎	40467
遺	40451
証	40381
徳	40205
聖	40195
清	40100
典	40046
囲	40041
因	40023
処	39985
誌	39900
功	39797
弟	39759
普	39570
舞	39569
聞	39564
植	39527
推	39486
幕	39403
浜	39237
沢	39118
未	39080
巻	39054
豊	38921
富	38912
識	38769
早	38633
算	38585
読	38547
材	38536
輸	38319
併	38315
居	38093
温	38082
留	38056
案	37891
曜	37869
弾	37866
授	37744
尾	37725
介	37625
臣	37539
減	37421
刊	37304
停	37121
農	37099
扱	37080
獲	37070
負	36968
漫	36899
養	36852
拠	36731
突	36530
板	36488
岸	36295
血	36223
写	36218
雑	36134
項	36111
習	36055
夜	35760
射	35622
伴	35511
永	35450
裁	35440
乱	35439
働	35410
森	35382
至	35323
林	35252
密	35150
盛	34976
故	34953
湾	34894
岩	34731
並	34600
望	34560
値	34496
寄	34431
春	34424
群	34342
精	34320
超	34304
泉	34303
返	34236
九	34221
便	34194
詳	34164
歩	34136
薬	33988
角	33921
援	33898
蔵	33866
婚	33812
盟	33696
抗	33592
章	33568
頼	33447
酸	33428
財	33400
席	33345
志	33308
革	33241
児	33132
布	33115
秀	33093
甲	32986
延	32968
熱	32960
核	32892
庫	32868
待	32749
秋	32519
友	32440
跡	32216
倉	32193
亡	32141
壊	32115
堂	32025
遠	31864
振	31843
賀	31748
絶	31712
許	31699
適	31661
績	31551
激	31471
具	31430
陽	31414
搭	31270
測	31248
奈	31028
敵	30983
息	30893
揮	30872
順	30730
枚	30652
雄	30573
替	30523
則	30517
砲	30400
滅	30353
途	30343
週	30253
似	30112
玉	30009
兄	29831
易	29816
景	29813
層	29804
労	29761
詞	29697
占	29620
捕	29524
魔	29432
祭	29428
幅	29405
姿	29320
邦	29305
徒	29186
承	29079
丸	28846
費	28835
鳥	28812
刑	28781
倒	28620
散	28600
抜	28542
拡	28496
印	28490
華	28463
爆	28429
盤	28407
庁	28403
貨	28201
給	28191
香	28058
紙	27874
混	27855
私	27847
候	27842
戻	27702
掲	27586
況	27485
脱	27476
輪	27451
逆	27441
忠	27375
操	27303
宝	27160
固	27121
被	27046
服	26932
軽	26887
仏	26867
律	26680
障	26457
鮮	26438
節	26299
背	26234
宿	26138
宅	26110
昇	26091
沿	26084
覚	26050
池	25945
休	25884
札	25847
険	25796
坂	25760
訳	25686
郷	25652
韓	25584
湖	25507
草	25472
宣	25456
康	25339
羽	25288
療	25285
夏	25211
液	25069
舎	25027
娘	25003
罪	24947
宙	24942
較	24851
携	24643
六	24573
之	24431
批	24406
静	24316
練	24211
講	24177
幹	24159
岐	24116
妻	24062
駆	23799
遊	23780
契	23686
課	23419
百	23360
筆	23310
襲	23105
祖	23070
純	23062
里	23038
漢	22967
禁	22894
執	22886
折	22871
互	22687
聴	22635
迎	22498
勤	22485
範	22438
仮	22433
健	22418
丁	22409
否	22275
巨	22213
審	22128
覧	22040
距	21980
憲	21885
余	21871
掛	21860
幼	21798
危	21786
買	21660
傷	21656
弁	21636
老	21631
圏	21535
沖	21511
額	21481
貴	21425
浦	21422
栄	21414
訪	21384
樹	21378
副	21291
欧	21207
傾	21124
撮	21062
絵	21062
瀬	21033
探	20975
症	20957
献	20956
塁	20892
犯	20884
肉	20835
券	20785
請	20770
枠	20765
黄	20676
兼	20670
均	20633
鹿	20605
閣	20600
隣	20571
裏	20544
仲	20461
慶	20379
毛	20363
逃	20295
既	20294
維	20237
陣	20214
冷	20143
閉	20124
竹	20114
騎	20070
敷	20060
善	20026
侵	19957
銃	19918
庭	19863
奪	19849
巡	19833
殿	19775
厳	19755
虫	19709
暗	19707
惑	19689
架	19647
暦	19597
胞	19567
焼	19545
没	19515
油	19491
脚	19414
房	19347
概	19049
塩	18986
押	18967
詩	18880
談	18819
魚	18806
救	18801
染	18793
辞	18712
塚	18668
欠	18639
仙	18597
納	18492
弱	18435
討	18423
幸	18381
片	18378
唱	18315
避	18310
俳	18295
孫	18272
七	18213
酒	18199
疑	18180
熊	18170
繰	18146
濃	18112
唯	18106
苦	18036
刻	18031
訴	17988
紹	17946
骨	17889
依	17839
伸	17833
隠	17828
繁	17821
困	17742
露	17734
縮	17734
臨	17624
税	17588
譲	17560
喜	17453
災	17409
奥	17192
怪	17158
暴	17047
簡	17025
縄	16952
願	16768
軌	16759
融	16738
択	16729
快	16727
免	16646
吸	16608
遅	16593
潜	16574
触	16569
茶	16551
排	16488
払	16409
翼	16325
締	16094
季	16090
砂	16048
縁	15992
君	15974
恐	15923
誕	15907
釈	15871
阿	15865
損	15860
潟	15837
亜	15786
票	15777
還	15704
撤	15699
燃	15688
麻	15681
誤	15643
崩	15621
到	15553
仁	15536
隆	15524
霊	15507
舗	15506
皮	15495
益	15474
顔	15473
雲	15472
稲	15435
牧	15329
申	15326
底	15245
秘	15155
礼	15149
誘	15125
緑	15109
飾	15096
冬	15030
齢	15017
豪	14971
即	14960
遣	14959
旗	14873
綱	14845
龍	14841
駐	14788
恵	14770
招	14727
倍	14702
摩	14684
絡	14658
壁	14647
儀	14635
封	14575
厚	14548
恋	14525
貫	14446
我	14430
征	14314
窓	14278
哲	14259
炭	14234
菌	14155
億	14146
狭	14138
彦	14093
尊	14090
答	14082
荒	14075
竜	14039
殊	13998
双	13968
弘	13958
笑	13913
丘	13890
杉	13884
寛	13794
冠	13778
柄	13699
妹	13697
致	13677
荷	13648
購	13604
筋	13587
浅	13581
責	13547
須	13538
軸	13486
却	13482
干	13479
覇	13388
奇	13376
踏	13300
摘	13278
訓	13271
震	13224
飲	13223
矢	13219
童	13217
沼	13208
充	13184
抱	13144
才	13144
衝	13130
雪	13085
吹	13057
剣	13052
貢	12961
威	12914
剤	12835
埼	12820
秒	12765
脈	12724
雨	12716
伯	12699
束	12696
伏	12690
包	12689
郵	12644
轄	12590
鎮	12576
享	12564
鶴	12552
陰	12495
針	12494
姫	12487
雷	12395
署	12373
又	12357
湯	12340
墓	12309
抑	12263
夢	12262
脳	12250
歯	12231
己	12197
姉	12094
械	12060
殖	12026
索	12010
迫	11969
鎖	11967
堀	11966
幌	11952
網	11947
縦	11919
削	11869
奉	11818
毒	11815
俗	11798
衣	11781
茂	11770
那	11753
希	11745
沈	11724
鉱	11695
慮	11687
寿	11665
弦	11665
陥	11640
桜	11635
託	11621
阜	11600
埋	11597
鎌	11586
塔	11555
杯	11546
磁	11524
芝	11505
謀	11493
姓	11482
遂	11478
犬	11459
微	11449
刺	11442
析	11424
乳	11376
挑	11369
浮	11368
尚	11312
序	11298
柳	11271
溶	11260
賛	11215
敬	11184
患	11175
鏡	11153
腕	11144
艇	11141
午	11121
鈴	11104
抵	11079
珍	11032
卵	10986
床	10915
智	10894
誉	10884
貞	10863
獣	10855
頂	10841
掘	10840
棄	10815
裂	10814
夕	10759
飯	10671
募	10655
羅	10636
眼	10631
隻	10619
緒	10608
腹	10587
輝	10584
塗	10531
唐	10431
如	10421
渉	10410
誇	10403
葬	10380
郊	10361
薄	10330
牛	10305
慣	10281
嫌	10263
炎	10244
趣	10204
耐	10148
渋	10148
顕	10145
拒	10105
漁	10078
翻	10043
鬼	10033
岳	10005
婦	9931
緯	9927
盗	9919
稿	9890
廷	9879
浴	9879
硬	9818
丹	9798
亀	9797
梅	9751
裕	9746
仰	9712
暮	9694
該	9679
刀	9633
隔	9601
駒	9599
握	9579
鳴	9542
僚	9536
滞	9531
径	9511
灯	9429
洗	9418
俊	9392
菱	9381
禄	9318
晴	9318
礎	9312
債	9306
摂	9262
勇	9262
借	9251
揚	9216
戒	9192
爵	9147
徐	9134
箱	9130
往	9121
棋	9108
彩	9102
詰	9076
但	9066
穴	9028
蒸	9007
枝	8970
幾	8952
冒	8938
奴	8892
狙	8889
妙	8879
僧	8877
玄	8867
迷	8840
逮	8818
随	8791
氷	8761
誰	8752
培	8748
捜	8745
柱	8713
李	8662
償	8653
輩	8651
覆	8637
雇	8637
潮	8612
譜	8611
也	8568
荘	8545
賃	8524
繋	8501
滑	8488
頻	8485
拝	8484
括	8476
柔	8469
徹	8457
拳	8442
弥	8432
飼	8417
奨	8412
銅	8389
診	8388
怒	8358
孝	8355
透	8347
衰	8319
豆	8312
痛	8285
紅	8265
筒	8232
勧	8169
拓	8154
符	8151
騒	8140
晶	8114
貸	8063
穂	8050
欲	8026
陵	8022
尽	8020
遇	8020
晩	7998
箇	7979
梨	7973
貧	7972
悲	7965
隷	7959
偽	7935
糸	7925
茨	7920
斉	7895
緩	7876
髪	7816
鋼	7795
雅	7782
顧	7759
句	7755
届	7728
旋	7726
嘉	7722
塾	7718
昼	7691
看	7690
乾	7688
垣	7681
笠	7659
斜	7650
鑑	7625
劣	7579
洞	7574
筑	7556
幡	7555
紫	7539
勲	7521
昌	7520
浄	7459
促	7454
需	7446
偵	7445
擁	7431
浪	7426
緊	7420
庄	7366
呂	7363
憶	7358
粉	7353
斎	7326
罰	7313
菊	7303
麗	7295
扉	7288
劉	7285
貿	7279
贈	7241
紛	7238
肥	7219
寝	7210
祝	7210
滝	7209
旨	7196
屈	7184
逐	7182
糖	7180
努	7177
淡	7171
謝	7164
畑	7136
峰	7114
煙	7093
刷	7073
紋	7062
塞	7058
撲	7041
泰	7039
狩	7039
磨	7033
脇	7023
逸	7004
恒	7004
媒	6982
侯	6980
泊	6964
峡	6927
膜	6914
偶	6910
添	6902
附	6892
誠	6882
獄	6876
寒	6811
巣	6793
薩	6791
袋	6788
曹	6773
桂	6771
墳	6764
棒	6727
臓	6724
熟	6709
澤	6706
碑	6702
捨	6682
芳	6679
汚	6667
栽	6651
賢	6649
殆	6602
挟	6484
畿	6482
坊	6476
踊	6448
肩	6438
亭	6430
粒	6424
預	6406
叙	6386
偏	6354
狂	6343
栗	6327
悩	6310
尉	6307
傍	6295
烈	6279
堅	6254
披	6243
幻	6236
祀	6235
峠	6220
傘	6214
眠	6214
驚	6205
葛	6193
彰	6186
銭	6180
遷	6178
祥	6136
酵	6130
脂	6124
耳	6109
曽	6085
梁	6081
妃	6081
卿	6049
菜	6040
灰	6039
喫	6013
冊	6010
阻	6003
挿	6000
涯	5989
訟	5988
甘	5982
噴	5980
剛	5960
稼	5954
旬	5936
酷	5927
悟	5925
蓮	5923
懸	5909
昔	5899
旭	5863
敏	5860
胸	5853
邸	5845
呉	5814
桃	5793
暖	5773
虐	5747
遭	5737
垂	5722
匠	5711
駿	5707
幣	5703
牡	5701
吾	5693
宰	5674
恩	5656
彫	5653
措	5618
虎	5604
忍	5600
后	5589
謎	5565
伐	5564
軒	5540
瞬	5528
勃	5522
栃	5488
軟	5454
貯	5452
浸	5419
掌	5412
祉	5392
泳	5388
湿	5379
魅	5367
謡	5362
崇	5330
滋	5325
猫	5315
卓	5313
於	5308
銘	5288
輔	5287
洲	5287
旦	5271
蘭	5269
弓	5255
脅	5244
抽	5231
帳	5218
珠	5212
妖	5210
浩	5183
蘇	5181
膨	5144
拘	5121
啓	5112
召	5109
菓	5094
控	5089
磐	5089
疾	5084
陳	5076
魂	5053
捉	5043
墜	5040
鋭	5021
猛	4987
昆	4984
辛	4979
盾	4972
嶋	4969
鼻	4945
励	4943
蓄	4941
洪	4925
嫡	4886
桁	4877
粋	4872
堤	4871
丈	4867
尼	4864
殻	4864
尻	4855
皆	4851
勅	4838
揃	4838
硫	4822
赴	4812
薦	4807
禅	4754
沙	4753
鍵	4744
稀	4731
棟	4721
朱	4716
孤	4715
克	4695
宏	4693
蒲	4691
壇	4685
斐	4682
斬	4682
賊	4668
稚	4660
閥	4657
釣	4653
桑	4650
腐	4648
渓	4643
貝	4628
寮	4624
媛	4606
朗	4606
柴	4602
椎	4583
宋	4578
秩	4576
畳	4575
怖	4566
屯	4561
祐	4547
勘	4542
牽	4535
柏	4521
巧	4490
懐	4478
茎	4445
履	4442
麦	4433
祈	4430
咲	4430
衡	4413
呈	4384
郭	4375
繊	4367
耕	4364
倫	4362
腸	4343
溝	4342
枢	4331
侍	4320
剰	4319
播	4313
堺	4296
雰	4294
戯	4292
夷	4287
胴	4279
妨	4277
慎	4267
寸	4264
犠	4263
搬	4262
菅	4258
辰	4254
邪	4243
粘	4228
腰	4224
雀	4221
盆	4217
匹	4205
晋	4185
循	4179
鷹	4175
勉	4172
忘	4147
訂	4140
宜	4137
拍	4136
掃	4126
牝	4111
釜	4102
揺	4098
肢	4093
國	4090
陶	4090
舟	4082
庶	4076
肝	4069
函	4067
嗣	4060
尿	4057
噂	4056
泥	4053
蓋	4029
慢	4012
僅	4009
秦	3994
篠	3992
牲	3988
孔	3982
桐	3981
斗	3974
琉	3971
乏	3959
凍	3935
叩	3921
暫	3920
叔	3917
炉	3913
擬	3888
燥	3863
虜	3862
乙	3837
嵐	3834
蜂	3830
肺	3827
芽	3800
癌	3790
錦	3788
舶	3782
扇	3771
疎	3771
黙	3746
尋	3726
朽	3722
闇	3703
惨	3687
蛇	3684
臭	3670
猿	3649
琴	3648
應	3621
腫	3615
綿	3604
雌	3592
澄	3589
霧	3582
乃	3566
絞	3566
虚	3566
呪	3562
班	3554
佳	3550
碁	3549
慈	3543
哨	3523
輌	3520
纂	3506
瑞	3504
鉛	3493
穏	3480
菩	3471
寧	3465
竣	3460
麓	3446
准	3442
隅	3431
漏	3427
跳	3425
猟	3425
尺	3423
傑	3422
鼓	3417
厩	3416
畜	3409
貌	3408
壮	3403
魏	3395
讃	3394
潤	3390
貼	3382
疫	3370
篇	3367
汎	3356
涼	3349
誓	3337
偉	3330
胆	3322
蹴	3316
是	3312
羊	3305
歓	3301
奮	3299
勾	3293
褐	3292
懲	3285
謙	3279
敢	3268
萩	3263
淳	3257
賜	3246
粛	3243
矛	3239
帥	3236
践	3224
吐	3221
敦	3218
妊	3218
苗	3199
砦	3198
錯	3190
砕	3190
幽	3183
猪	3180
餌	3177
嫁	3176
舌	3172
兆	3161
淵	3156
漠	3154
綾	3140
刃	3140
鋳	3131
閲	3124
胤	3109
玩	3105
淀	3088
拾	3079
膚	3074
剥	3070
磯	3059
把	3039
鍋	3038
駄	3032
涙	3021
帽	3014
烏	3011
妥	3003
亮	2995
叫	2991
遮	2983
泣	2981
喪	2978
壌	2975
醸	2972
惜	2961
彗	2954
伎	2945
酔	2934
脊	2931
辻	2925
瓶	2912
瓦	2908
倣	2904
礁	2904
棲	2903
忌	2892
諾	2885
慰	2885
諏	2875
墨	2865
賭	2854
鞭	2852
庵	2849
洛	2845
胡	2842
僕	2841
据	2837
鴨	2836
汲	2830
唆	2826
唄	2821
槻	2819
賠	2811
籠	2798
綴	2796
汁	2793
甥	2788
焦	2782
韻	2778
蒙	2773
髄	2762
遡	2756
逝	2755
鐘	2753
裸	2753
趙	2750
俵	2743
汽	2742
芦	2733
疲	2722
吊	2717
鍛	2714
胎	2710
凶	2709
靖	2707
岬	2700
陀	2690
橘	2689
穀	2682
凝	2680
煮	2675
哉	2670
藻	2669
鯨	2666
帆	2663
倶	2661
倭	2654
曰	2651
跨	2649
斑	2630
鞍	2626
湘	2623
狼	2621
零	2618
窮	2610
萌	2609
恭	2609
嶺	2607
欄	2605
廉	2604
畠	2592
窟	2591
篤	2579
隈	2577
儒	2576
隙	2573
凡	2571
靴	2557
翔	2540
糧	2535
遍	2532
塊	2527
馴	2518
粧	2518
簿	2510
潔	2508
缶	2508
昧	2496
曾	2495
縛	2492
頑	2490
匿	2483
窒	2481
擢	2480
廊	2477
嘆	2473
遼	2472
漂	2465
豚	2464
囚	2452
迦	2438
藍	2437
骸	2434
槍	2434
膝	2430
錬	2418
胃	2414
圓	2412
笛	2411
鳩	2401
顎	2399
刈	2399
填	2389
潰	2386
泌	2372
或	2367
弧	2366
喚	2362
樺	2362
袖	2359
俺	2358
樽	2349
牙	2347
棚	2323
諭	2322
枯	2312
臼	2309
笹	2302
詣	2302
擦	2296
癒	2276
綻	2275
挫	2272
椅	2272
戚	2271
閏	2266
灘	2265
崖	2254
楼	2249
肖	2244
哺	2244
粗	2241
爪	2237
鳳	2236
牌	2232
麺	2231
飢	2213
稽	2205
醐	2204
鱗	2202
遽	2198
廠	2196
薫	2193
瘍	2192
醍	2191
堆	2190
癖	2186
鶏	2184
累	2183
股	2180
腺	2171
楊	2161
伺	2151
詠	2146
袁	2145
憧	2143
牟	2142
姻	2137
湊	2137
婿	2136
肌	2133
娠	2132
喧	2131
侶	2124
泡	2117
槽	2117
廻	2116
賑	2108
俣	2104
坪	2102
朴	2100
揆	2094
燕	2093
肪	2093
學	2092
暇	2090
裔	2080
頓	2077
宛	2074
窪	2071
溜	2063
湧	2060
赦	2043
宴	2041
哀	2037
曖	2032
憂	2031
睦	2030
凌	2022
圭	2020
楕	2018
皿	2016
辱	2002
霞	2002
枕	2001
痕	1997
飽	1990
吏	1982
閑	1982
鉢	1979
戴	1972
楠	1972
奔	1967
沸	1965
殴	1964
鷲	1961
云	1959
扶	1954
酢	1949
盲	1949
捧	1940
渕	1928
慌	1924
謳	1921
騰	1921
腔	1918
慕	1917
惧	1915
昨	1911
莫	1911
撰	1908
獅	1908
酬	1907
娯	1897
晃	1892
廟	1888
嚢	1887
愚	1880
條	1877
遥	1874
卑	1868
甚	1867
抹	1862
租	1862
栖	1855
冥	1853
腎	1844
拉	1843
卸	1841
讐	1839
凱	1834
姦	1827
梶	1826
耶	1824
濁	1817
耗	1810
堰	1809
藝	1808
曳	1796
鐵	1788
灌	1785
惣	1781
溢	1780
揶	1775
揄	1773
虹	1769
褒	1766
苑	1766
翅	1765
縫	1761
欺	1761
辿	1742
悼	1741
釧	1740
祇	1738
叡	1735
憎	1734
詐	1731
毅	1715
蝶	1715
其	1714
恨	1712
憑	1708
蝦	1703
挺	1702
嘩	1697
伽	1692
尖	1690
焉	1690
暑	1687
弊	1686
渦	1680
掴	1679
蛍	1677
悠	1671
紳	1667
漬	1665
肯	1660
黎	1658
迅	1656
彙	1656
筐	1654
聘	1648
殉	1648
悔	1643
箕	1641
塵	1638
畔	1633
恥	1632
拐	1630
抄	1629
坦	1624
巳	1618
嘱	1612
斯	1610
凄	1606
蔑	1603
萬	1602
廣	1602
邑	1600
荻	1599
寅	1594
騨	1590
歪	1584
迂	1579
汰	1578
惹	1578
紐	1577
穫	1577
庇	1575
朋	1571
紡	1570
杖	1568
璧	1566
叶	1563
暁	1558
挨	1549
拶	1548
睡	1547
琶	1546
瞳	1545
憩	1544
峨	1543
喰	1541
聡	1539
鄭	1539
琵	1538
懇	1533
貰	1530
眺	1526
杵	1523
濫	1521
楚	1518
賄	1517
噛	1516
杜	1513
唇	1511
纏	1511
諱	1507
忙	1503
嗜	1497
硝	1496
鬱	1494
錐	1484
爬	1482
餓	1478
亘	1460
絹	1459
鴻	1449
糞	1449
欽	1443
熙	1442
寂	1441
寵	1438
醤	1438
婆	1434
冶	1433
諦	1428
糾	1424
捻	1419
頁	1418
戊	1411
柿	1406
猶	1406
餅	1403
漆	1397
茅	1391
醒	1384
惟	1384
蜜	1383
粟	1379
扮	1378
蒋	1378
逢	1377
剖	1374
鵜	1373
傭	1367
蔽	1366
峯	1362
丞	1358
蒼	1353
嵯	1350
坑	1347
董	1341
樋	1338
仇	1337
榴	1336
狗	1335
巴	1334
怠	1333
悦	1333
綬	1333
峙	1331
紺	1331
團	1326
揖	1325
爾	1325
脆	1324
串	1321
麟	1315
祷	1315
詔	1308
喉	1307
只	1303
諜	1302
曇	1297
叉	1292
噺	1292
帖	1290
壬	1288
舷	1280
撫	1279
濱	1277
芥	1275
鎧	1272
翁	1269
棺	1264
舘	1263
窯	1262
冗	1254
喋	1252
眞	1250
憤	1245
痺	1240
庸	1239
蛮	1238
煽	1235
仔	1235
柵	1232
嘘	1232
舵	1226
櫓	1225
嬢	1224
牢	1223
巫	1221
篭	1219
炊	1219
痴	1216
眉	1216
膳	1216
汗	1214
蜀	1211
囃	1208
桶	1207
鈍	1207
桓	1206
窺	1205
錠	1204
喩	1204
壺	1201
矩	1192
諡	1192
葵	1191
扁	1184
瞭	1183
稜	1180
滴	1170
渇	1165
寡	1163
隼	1160
拷	1157
儲	1156
某	1151
轟	1150
輛	1145
溺	1145
且	1145
椿	1145
馳	1143
勿	1141
堕	1139
裾	1134
諮	1133
煩	1126
隋	1122
襟	1121
侮	1119
嶽	1118
梱	1115
晒	1113
疇	1112
噌	1109
頸	1107
狐	1106
魯	1103
盧	1102
汐	1099
俸	1099
瑠	1098
皐	1096
譚	1093
蛋	1088
縞	1086
煎	1086
緻	1078
壱	1075
杏	1074
窃	1073
輿	1072
肘	1072
蹄	1068
榎	1068
騙	1067
姪	1066
匂	1062
呑	1061
巌	1060
棘	1059
奄	1058
罵	1054
檀	1052
徽	1050
遵	1048
榜	1044
斥	1043
拭	1039
鰭	1038
喝	1035
漑	1033
堪	1029
漸	1028
弄	1027
叛	1025
壕	1021
尹	1016
謹	1015
埠	1010
駕	1009
升	1006
孵	1005
此	1005
芋	998
櫻	998
瀕	998
攘	996
詮	996
机	994
吟	993
碧	992
郁	991
紗	990
苛	988
謂	986
慧	985
苫	984
燈	982
淑	981
梓	981
弐	976
檜	975
賓	975
麿	974
妬	973
珂	971
栓	970
堵	969
胚	967
榊	965
凸	964
矯	962
采	961
厄	953
梗	953
璃	953
煉	953
凹	950
彷	950
罷	950
篆	949
宍	945
膠	942
厨	941
諫	941
嶼	938
怨	934
瀧	934
饉	931
鷺	931
釘	931
吻	930
咸	929
侠	927
伍	927
乞	925
謁	921
峻	920
于	920
罠	920
薇	919
聯	917
陪	916
冨	915
踪	915
梯	914
坐	909
墾	905
而	905
絆	902
氾	902
毀	901
惚	900
卦	898
雁	896
雛	895
薔	895
賦	886
稔	886
蔭	885
允	884
旺	883
搾	883
剃	881
櫛	880
杭	879
泄	877
款	877
繕	876
弔	875
麹	870
拗	869
妄	868
樫	867
蔓	866
孟	864
髭	861
隘	861
芯	851
濯	850
鵬	850
巾	850
嫉	849
罹	849
鋒	849
衙	848
墟	845
誅	842
禰	840
螺	838
爺	837
綺	836
蚕	836
朔	834
曼	832
叱	832
鞘	828
匡	827
寇	826
挽	824
撒	824
傀	820
逓	817
訛	815
儡	814
毘	813
耆	813
玲	811
靭	809
掻	808
濡	807
苔	807
渤	806
屏	801
葦	801
轢	800
熾	797
蹟	795
鍾	792
葺	792
煕	791
鮎	789
禍	786
疹	786
捏	784
錫	783
翠	781
站	780
醜	779
鄧	777
斡	776
夭	772
桟	771
做	769
銚	768
斧	768
薙	767
晦	767
襄	767
芹	766
槃	766
覗	765
痢	765
涅	762
濠	762
妾	761
梵	761
隕	759
鰓	758
嵩	757
劾	755
這	755
蟹	754
殲	751
丼	750
蕃	750
蝕	749
荊	749
縣	748
洒	744
閃	741
遙	737
甫	737
娼	736
埴	736
佑	735
薨	735
宕	734
疆	732
爽	731
遜	731
卯	731
肛	727
喬	726
酎	724
蕭	724
渾	724
霜	723
亨	719
嬉	718
曝	717
叢	717
嘗	716
兜	715
崗	714
淘	712
蝋	712
洩	711
盃	711
昏	710
堡	706
弼	703
按	703
妓	700
瓜	698
腱	698
禎	697
拼	693
鼠	682
亥	682
炒	679
頬	677
湛	674
麒	673
祠	672
楯	671
喘	669
筈	668
渚	667
渥	667
宦	667
橿	667
鉾	666
丙	664
擲	661
魁	660
漱	659
頒	658
呆	658
艶	656
璋	655
殷	653
兎	653
荼	652
蔡	651
渠	650
餐	647
汝	646
鋸	645
摺	643
靡	643
嬰	642
彿	641
橙	640
勒	638
玖	637
奢	636
膏	635
嗅	634
逗	634
飴	632
沃	631
漕	631
堯	631
愕	629
蕎	626
迭	625
崔	625
箏	625
彬	622
會	618
衷	618
鯉	618
礫	617
咽	617
榛	616
槌	616
詫	615
匈	615
袴	614
鍼	614
濾	614
蕉	612
碩	611
琢	604
竪	602
愁	601
彭	598
腿	598
箸	597
軋	595
紘	593
冤	591
咎	590
浙	590
碓	587
鯖	586
塀	586
怯	586
酪	586
嘴	582
穿	582
贅	580
逼	579
砥	577
藪	576
粕	575
址	574
炸	574
刹	573
壷	571
芭	571
薪	569
陛	569
痩	567
嚇	567
珪	566
頚	566
脩	565
莢	561
偲	561
彌	560
倹	559
沌	559
嘲	558
垢	558
虔	558
贄	557
鹸	557
鴎	557
傳	556
捷	553
阮	551
娶	550
豹	550
灸	549
梢	548
庚	547
鮫	547
蛹	546
囁	546
昂	546
痘	546
蘆	546
舜	543
媚	543
揉	542
綜	539
佛	538
耽	537
矮	534
曙	533
遁	533
珊	533
紆	533
廿	532
陝	532
狸	530
迄	527
雍	524
拮	524
茹	524
膿	524
乖	523
慨	522
聚	521
拙	519
姜	519
辣	519
撥	519
葡	517
屑	517
糠	515
淫	515
犀	515
蓬	515
躊	513
璽	513
荏	513
畝	512
繍	512
赳	511
躇	509
掟	509
冴	509
戮	509
竿	508
謗	507
肋	507
淮	507
錆	507
壽	505
畏	503
猥	503
寓	503
肇	502
莽	501
憐	501
窩	501
吃	500
酉	499
鸞	499
膣	498
酋	496
埔	494
套	493
尤	493
嚆	492
桿	491
嘔	490
閤	490
柑	489
恣	487
焚	487
冑	487
實	487
冪	487
鋏	486
幇	484
祓	484
唾	484
愉	484
畷	484
砺	484
楷	482
暢	481
讒	480
范	479
穣	478
簒	478
厭	478
瞑	477
蜘	477
僑	476
聾	476
甕	475
馮	474
鉤	473
箔	473
祟	472
屠	471
穢	470
膵	470
蛛	470
瑚	470
證	469
滸	469
饅	469
賈	469
檎	468
欣	467
莱	466
楢	465
謬	465
溥	465
圀	464
稙	462
嵌	460
臆	460
來	458
邇	457
蚊	456
碗	456
誹	456
掩	456
苅	454
塹	452
秤	452
錘	452
旛	452
宵	452
弩	451
凰	450
虞	450
齋	450
捗	449
誦	449
鹵	449
註	448
馨	448
臥	448
韮	446
岑	445
藁	445
萎	444
萱	444
裳	443
捲	442
賣	441
佃	440
絨	440
抒	439
鼎	438
讀	438
諧	437
拿	437
邊	436
與	436
楓	435
禽	434
祢	433
懿	433
賤	433
賂	432
攣	432
姑	431
婁	431
咬	429
閻	428
蒔	427
躯	427
疏	426
蒐	424
槇	424
痙	423
邱	422
瓊	421
祚	419
餡	419
袂	417
捌	415
塑	415
些	413
錨	413
緋	413
傲	411
睨	411
貪	409
釉	408
鉉	406
攪	405
繭	405
瘤	404
宥	403
餃	403
棍	402
屍	402
雫	402
萄	401
饗	401
旁	399
斤	396
禹	396
椒	395
擾	393
蛙	393
厥	392
禿	391
椋	391
竈	391
濤	390
頌	389
憾	389
涌	389
隗	389
鮭	388
芙	387
凧	386
蹊	384
跋	382
悉	380
柚	380
糊	378
竺	377
蔚	375
獨	375
蟄	374
惠	374
蓑	374
弛	373
狛	373
邁	373
漿	371
爛	370
煌	369
榮	369
諌	369
槙	368
丑	367
厘	364
咳	364
戎	363
穆	363
竄	363
蛭	362
褌	362
琳	362
蕩	359
鰐	358
磔	358
蟻	356
燻	355
鞠	355
彪	354
汪	354
韋	353
訶	352
凋	352
閩	351
劫	350
卜	350
霖	350
贋	350
俯	349
贖	349
茜	348
莉	348
菖	347
掠	345
鯛	345
巽	345
靱	344
荀	344
潭	343
漉	343
鑽	343
戌	343
甦	342
輻	342
訊	342
蕨	341
酌	341
姶	340
楔	339
簾	338
膀	337
撹	337
燭	337
胱	336
煥	336
姚	334
瀋	333
賽	333
霍	332
僭	332
巷	329
猷	329
趨	329
蓉	327
凛	327
托	326
什	326
俘	323
趾	323
顆	322
鍮	320
傅	319
耀	317
悶	317
疋	317
燐	317
哈	317
樟	315
柊	314
薗	314
旱	314
埃	312
箒	312
閔	311
翰	310
鍬	310
囂	310
訣	308
裟	307
舒	306
牒	305
雉	305
亢	305
籾	304
耿	304
鰹	303
瑜	303
苞	302
邉	302
熹	301
圃	300
魃	300
衍	299
拌	299
苻	299
櫃	299
徨	298
閘	298
徊	297
塘	297
鯱	296
徘	296
兌	294
尭	294
歿	294
饒	293
鳶	293
灼	293
晰	293
訃	293
廓	292
娩	291
沫	291
浚	290
顛	290
檣	289
藏	288
繹	288
俟	288
桧	287
瑛	287
絢	286
錮	285
羲	285
脛	284
樊	284
蜷	284
貶	284
鞆	282
隧	282
腋	282
崑	282
蠣	281
唖	281
摯	281
鵠	280
廬	280
盈	280
髙	279
襖	278
砧	278
斂	278
褻	276
卍	276
佩	276
吠	275
涛	274
咋	274
已	274
丕	273
虻	272
毯	272
碇	271
疱	271
羨	270
穎	270
駁	270
枡	270
艤	268
豫	267
鰻	267
韶	267
闍	267
奸	267
蛸	267
匁	265
艘	264
蕊	264
椀	264
坤	263
冀	262
粥	262
礦	261
姥	261
咒	261
氣	261
竇	260
槓	260
蘂	258
檗	257
箋	256
眩	255
鏑	255
晁	254
圳	254
聰	253
絃	253
寶	253
邯	252
咀	251
疽	251
囮	250
憚	249
嬌	249
懺	249
糟	248
嗚	247
芒	246
鞄	246
鶯	246
檻	245
瀞	245
忽	245
炙	245
蔦	245
禮	244
麾	244
舐	243
樂	243
幟	243
屓	242
贔	242
凪	242
惇	242
恕	242
筏	241
窄	241
潘	241
烙	240
隴	240
茸	240
煤	240
掾	239
鬘	239
齧	239
惰	238
奘	238
焙	236
髷	236
匍	236
坡	236
髣	234
髴	234
薮	233
匐	233
薛	233
誼	232
瑕	232
鍔	232
桔	231
經	231
銑	231
諺	229
蒜	229
諒	229
倖	227
焔	227
闊	227
臀	226
臺	226
孕	226
茲	225
睾	225
鱒	225
疵	225
蕪	224
萼	224
瘡	223
毫	223
琥	222
珀	222
僻	221
瞞	221
迹	220
德	220
晟	219
煬	219
硯	219
赫	218
逍	218
稗	218
總	217
袈	217
裡	217
逞	217
鐸	216
慄	215
皓	215
聳	213
捺	213
游	213
諷	213
裴	213
轍	212
頴	212
鴉	211
稠	211
綏	211
葱	210
渫	210
躙	209
菟	209
癸	208
當	207
昴	207
蟲	207
瓢	207
仄	207
帷	207
瀑	206
號	206
雙	206
岱	206
鏃	205
炳	205
舅	205
梧	205
咄	204
澎	204
狡	203
婢	203
笙	203
辟	203
滓	203
洙	202
蛾	202
泛	202
澱	202
倦	201
蹂	201
沓	201
茉	200
摸	200
臂	200
髏	199
痒	199
疼	198
漣	198
瞰	198
髑	197
眷	197
龐	197
羞	197
澳	196
孚	196
羌	196
晏	196
溪	196
亦	196
墺	195
槐	195
冲	194
痰	194
檄	194
攀	194
兒	194
肴	193
恰	193
甜	193
啄	192
桝	192
箪	192
棹	192
逵	192
彅	191
俄	191
渭	190
浣	190
婉	189
杷	189
狄	188
魄	188
侈	187
嬬	187
脾	187
悌	187
怜	187
涸	187
崋	186
侑	185
猾	184
齟	184
齬	183
朧	183
唸	182
齎	182
綸	182
奎	182
尸	181
廖	181
鮑	181
輜	180
諍	180
扈	179
佇	178
蝉	178
鎬	178
杓	178
鋤	178
笏	177
輯	177
涵	177
臘	177
嚼	177
夙	176
柘	176
攸	176
臧	176
滲	175
澪	175
帛	174
瀾	174
崙	173
鉦	173
祁	173
喀	172
歆	172
枇	172
咤	171
呟	171
茄	170
吼	170
滄	170
飫	170
鞅	170
簗	170
莞	169
郤	169
縯	169
膾	169
灣	168
涜	168
毬	168
獏	168
肱	168
咫	168
踵	168
沐	167
鴈	166
鎚	166
黛	166
暉	164
撚	164
畢	163
羹	163
箭	163
剋	162
掬	162
鬚	162
蓼	162
鈔	161
儚	161
蜃	161
蕾	161
淋	161
恫	160
菰	160
淹	160
苺	159
猜	159
翡	158
梟	158
孜	158
詢	158
塙	158
澁	157
笥	157
筵	157
發	157
朕	157
捩	157
爲	157
宸	156
偕	156
躁	156
篁	155
攫	155
弗	155
枷	154
蝠	154
椰	154
偈	154
黌	153
將	153
鋲	153
癇	153
曄	153
祺	152
勁	152
并	152
艮	152
汀	151
葭	151
亞	151
甄	150
叟	150
處	149
齊	149
杢	149
匝	148
怡	148
瞼	148
錚	148
稷	147
醗	147
潅	147
瓚	147
瑳	147
盞	147
傕	145
賎	145
魍	144
沮	144
匪	144
秉	144
欅	144
鐙	144
哭	144
饌	144
櫂	143
鄲	143
漳	143
闕	143
爻	143
疸	143
屎	143
愈	143
哥	142
鮪	142
戟	142
躬	141
棠	141
禦	141
鄙	141
瀉	141
卉	141
茗	140
寨	140
埜	140
藺	140
藉	140
筰	140
芻	140
嗟	140
刎	139
蝙	139
廼	139
瑪	139
鄒	139
燦	139
鞨	139
翳	138
籤	138
籔	137
舛	137
撞	137
聲	137
銜	137
乎	137
禧	136
臈	136
駈	136
邨	136
彊	136
邂	135
沛	135
畦	135
逅	135
斃	135
凉	134
閾	134
燼	133
痍	133
份	133
痔	132
癬	132
禊	132
兪	131
迪	131
熈	131
臍	131
楳	131
顰	130
餘	130
奠	130
泗	130
躾	130
咆	130
脹	130
衾	130
祗	129
幀	129
奕	129
柾	129
徂	129
屁	129
仗	129
顗	129
鑿	128
敲	128
悍	128
憬	128
胥	128
淆	127
杣	127
蝿	127
襷	127
體	127
衞	127
靺	127
謄	126
皺	126
輳	126
頤	126
蜻	126
蟠	126
獰	126
娑	126
弉	126
侘	125
猩	125
螢	125
邵	125
甑	125
瑤	125
戈	125
郃	124
衒	124
軾	124
籃	124
鰯	124
鄴	124
關	124
徠	123
昶	123
驕	122
椙	122
鑼	122
繇	122
謨	122
紬	122
翟	122
銛	122
彡	122
緬	121
蹙	121
亙	121
戍	121
闡	121
厦	121
撼	121
闢	120
褶	120
佗	120
憺	120
歙	120
篩	119
瑾	119
酩	119
蝸	119
兗	119
巖	119
訥	119
珈	119
睿	119
鮒	118
砒	118
褪	118
艾	118
芬	117
禾	117
敞	117
魎	117
繞	117
酊	117
蛉	117
狽	117
哮	117
鵄	117
截	116
燁	116
洸	116
冰	116
雎	116
缺	116
颯	116
碍	115
醇	115
飄	115
嘯	115
佼	115
几	114
碕	114
滬	114
鋪	114
跪	114
岷	114
嚥	114
蜴	113
蜥	113
琦	112
呵	112
暈	112
萠	112
筍	112
柩	111
疣	111
銖	111
矣	111
鈎	111
搗	111
鼈	110
緘	110
癩	110
黍	110
邀	110
蛤	110
琅	110
飡	110
琲	110
剪	109
鰍	109
櫨	109
咥	109
炬	109
籐	108
薊	108
驤	108
頗	108
恢	108
撓	108
褚	108
猴	107
菫	107
棗	107
弌	107
竟	107
碼	107
杞	106
咩	106
楡	106
渟	106
絲	105
羯	105
仍	105
艀	105
頽	105
螂	104
褄	104
瞥	104
詛	104
對	104
簀	104
礪	103
恪	103
潴	103
磋	103
謐	102
蛯	102
賁	102
搦	101
區	101
愍	101
剽	100
駱	100
袱	100
戰	100
鵡	100
欒	100
寬	100
襞	100
粂	100
樵	99
躰	99
抉	99
讖	99
鈿	99
拵	99
卬	99
麩	98
捐	98
剌	98
彧	98
燧	98
姐	98
琮	98
橈	97
匙	97
恂	97
鮨	97
們	97
渣	97
盂	96
濟	96
詭	96
梃	96
陞	96
埕	95
楮	95
蟇	95
鴛	95
昊	95
栂	95
蟷	95
聶	95
邳	95
刳	95
鰺	94
偃	94
甸	94
鞋	94
觀	94
舍	94
閭	94
綽	94
辯	94
鬨	93
鴫	93
荃	93
軻	93
薯	93
鈞	93
剱	92
蝗	92
翫	91
褥	91
謚	91
菲	90
壹	90
樅	90
箚	90
甌	90
晨	90
鑁	89
樓	89
汶	89
圖	89
瀝	89
曺	89
暹	89
縅	89
霰	89
泪	89
臚	88
詁	88
鯵	88
俎	88
蠍	88
蝮	88
銕	88
菴	88
駝	88
筧	87
鵝	87
鄯	87
冉	87
媽	87
勗	87
瀟	87
罫	87
鵯	86
權	86
蘊	86
祜	86
彝	86
鉈	86
雖	85
橇	85
澗	85
匣	85
戔	85
粤	84
蹠	84
癪	84
埒	84
瘴	84
紂	84
卷	84
盪	84
杮	83
糎	83
嶌	83
苓	83
筮	83
娃	83
閨	83
靈	83
憫	82
庾	82
栢	82
柯	82
礒	82
縊	82
炮	82
鱈	82
汕	82
恤	82
愾	82
譬	81
愴	81
鬆	81
沽	81
涎	81
喇	81
翊	80
衿	80
僊	80
霸	80
鹹	80
犂	80
筌	79
馥	79
鈷	79
鹽	79
嵜	79
烹	79
兩	79
辨	79
恍	79
氐	79
瑁	79
厲	78
邏	78
鑓	78
矧	78
蕗	78
蛆	78
瑶	77
驍	77
磊	77
莒	77
曉	77
兀	77
坎	77
鴦	77
烽	77
廈	77
晄	76
栞	76
殯	76
嚮	76
茫	76
簸	76
滿	76
恆	76
皖	76
鑾	76
騏	76
簪	75
桀	75
昱	75
篝	75
奚	75
穹	75
舂	75
稟	75
袍	75
娥	74
夥	74
訝	74
頡	74
瑩	74
鑚	74
杼	74
鸚	74
酛	74
雹	73
鬣	73
訌	73
腑	73
舁	73
礬	73
矜	73
砿	73
鵞	73
燗	73
燮	73
龕	73
汜	73
閼	72
汾	72
誥	72
燿	72
槿	72
斌	72
數	72
韜	72
鶉	72
泓	72
緞	72
陟	72
肆	71
閒	71
謔	71
雞	71
劈	71
譴	71
躓	71
掣	71
粲	71
鎔	71
躅	71
從	71
楨	71
躑	71
慟	70
麝	70
朦	70
槨	70
蠕	70
騸	70
擱	70
瑣	69
罐	69
盒	69
籌	69
暠	69
寳	69
豎	69
轡	69
歎	69
垓	69
珎	68
尓	68
耘	68
孺	68
醪	68
糜	68
痣	68
薀	68
鄰	68
蠡	68
誣	68
郝	68
釋	67
溯	67
篥	67
臏	67
厠	67
妍	67
吽	67
袢	67
矗	67
驃	67
鯰	67
撈	66
愼	66
菁	66
雕	66
箴	66
蒿	66
姨	65
濬	65
兇	65
癲	65
篳	65
夾	65
芮	65
秣	65
潼	65
歸	65
侃	65
鉅	64
聊	64
弇	64
邈	64
黴	64
瑯	64
匯	64
鍍	63
曠	63
喙	63
鄂	63
舩	63
沂	63
鞜	63
葫	62
熨	62
綫	62
闔	62
蒹	62
繚	62
饋	62
辮	62
浬	62
蒯	62
鵺	62
餞	62
誨	62
絅	62
蕁	61
冄	61
蛟	61
續	61
舳	61
櫟	61
簑	61
襦	61
糀	61
籬	61
戀	61
卡	61
胝	61
萇	61
碾	60
頷	60
鈕	60
餉	60
萊	60
爨	60
腓	60
樗	60
邕	60
豐	60
佚	59
幢	59
瞻	59
韃	59
笞	59
熔	59
苧	59
俚	59
驢	59
舊	59
藷	59
萃	59
臙	59
囀	59
燵	59
洵	58
犁	58
黔	58
羈	58
棕	58
溌	58
掖	58
沱	58
壢	58
肅	58
篋	58
侭	58
蠢	58
噪	57
縹	57
貂	57
假	57
歇	57
軛	57
瓘	57
峴	57
驪	57
瘻	57
厝	57
筠	57
拱	57
醫	57
悸	57
笈	57
瞿	56
沁	56
廳	56
嗽	56
飜	56
埵	56
丶	56
朮	56
獠	56
滇	56
俀	56
娜	56
蔣	55
舺	55
洽	55
轆	55
嶷	55
谿	55
廂	55
濮	55
滔	55
艋	55
繆	55
蠱	55
厖	55
倅	55
瀛	55
徭	55
酈	55
瘢	54
悳	54
粍	54
涿	54
濘	54
獪	54
紊	54
琰	54
昉	54
帶	54
叭	54
僖	54
瀘	54
膺	54
馗	54
你	54
辜	54
勣	54
弑	54
柞	54
丿	54
毓	54
醉	54
獺	53
變	53
蔀	53
釦	53
效	53
巍	53
炯	53
黃	53
奭	53
滉	53
哩	53
騫	53
框	53
鉋	53
懣	53
踞	53
贇	53
靄	53
箆	53
暎	53
蛎	53
笄	53
閎	52
磡	52
麴	52
啖	52
跏	52
奧	52
窈	52
倚	52
磧	52
髻	52
淄	52
糺	52
瞽	52
軫	52
儔	52
淞	52
詈	52
儁	52
朶	52
錣	51
鞴	51
讚	51
萍	51
汴	51
杰	51
專	51
穰	51
悴	51
啼	51
稈	51
繫	51
劔	50
妲	50
鞏	50
棉	50
兮	50
榔	50
詡	50
旻	50
憔	50
熏	50
蜆	50
裨	50
儘	50
魑	49
駢	49
峅	49
敖	49
恃	49
鮓	49
顥	49
璟	49
恬	49
夔	49
毗	49
筥	49
蘚	49
櫚	49
袿	49
屬	49
葯	48
梳	48
擂	48
藹	48
靼	48
眜	48
裝	48
圍	48
寔	48
匕	48
乂	48
蚤	48
壟	48
疝	48
麁	48
瀚	47
椹	47
嬪	47
栴	47
黐	47
碌	47
渙	47
栩	47
粮	47
諶	47
壙	47
广	47
纓	47
嫦	47
淺	47
罕	47
闥	47
憙	47
潁	47
軼	47
綝	47
侗	46
稱	46
點	46
榕	46
誡	46
劍	46
垠	46
斛	46
葆	46
剄	46
琬	46
瞋	46
鎗	46
愷	46
趺	46
喆	46
雜	46
伶	46
倩	45
醂	45
蠅	45
逡	45
蔬	45
黑	45
譽	45
枋	45
鉞	45
厓	45
覯	45
晤	45
俑	44
縒	44
釗	44
囊	44
艱	44
瑙	44
剳	44
眈	44
犍	43
佞	43
蔗	43
絣	43
枳	43
儂	43
籟	43
滎	43
欝	43
釐	43
諄	43
禺	43
惺	43
扼	43
淇	43
鏝	43
淝	42
杲	42
莎	42
轤	42
顯	42
鈑	42
譙	42
无	42
鷗	42
东	42
蹲	42
彎	42
刁	42
蘋	42
訢	42
呰	42
艫	41
懼	41
卞	41
溟	41
巒	41
酥	41
嫩	41
颪	41
儺	41
娍	41
塡	41
謖	41
畫	41
輦	41
煜	41
筅	41
俶	41
濊	40
鰾	40
轉	40
洱	40
屹	40
瑀	40
聿	40
瑋	40
攬	40
拜	40
斟	40
县	40
瑭	40
幄	40
犢	40
墩	40
鐡	40
縷	40
牆	40
霆	40
濵	40
冽	40
晉	40
羂	40
蹉	39
俅	39
擡	39
烝	39
靜	39
勳	39
邢	39
拯	39
肚	39
悛	39
檮	39
蘿	39
馭	39
泠	39
傉	39
弖	39
涇	39
鰊	39
芾	39
懃	39
鬢	39
萢	39
睫	39
崁	39
穐	38
郢	38
徧	38
檳	38
簞	38
靫	38
嶮	38
仝	38
弋	38
礙	38
啜	38
詹	38
琺	38
杁	38
縺	38
聟	38
儿	38
懋	38
盡	37
弴	37
洹	37
窘	37
岨	37
內	37
鎭	37
糯	37
蔿	37
龔	37
郅	37
澹	37
棣	37
龗	37
嗇	37
氈	37
霹	37
苴	37
禕	36
靠	36
炻	36
嬴	36
璉	36
亳	36
壩	36
錕	36
靂	36
粹	36
燾	36
涪	36
嚴	36
旃	36
疥	36
华	36
隨	36
獻	36
憊	36
齲	36
庖	36
莆	35
坵	35
慇	35
刪	35
亿	35
榧	35
哂	35
皋	35
琿	35
誄	35
扎	35
昕	35
鼬	35
冏	35
拇	35
龜	35
綰	35
鵲	35
鴇	35
坏	34
埤	34
闓	34
鐐	34
裃	34
霄	34
蕤	34
堝	34
醬	34
咈	34
湣	34
銹	34
羣	34
笊	34
瀆	34
畸	34
峪	34
磾	34
俱	34
禪	34
縻	34
陋	34
拈	34
橡	34
儷	34
漲	34
翹	34
坩	34
罔	33
忿	33
贛	33
蠟	33
裵	33
玻	33
鰌	33
凜	33
吝	33
蕙	33
鸕	33
奶	33
岫	33
决	33
尔	33
遹	33
鏨	33
頊	33
毌	33
髯	33
椛	33
鄢	33
簧	33
翦	33
珥	32
鷦	32
糒	32
玕	32
筺	32
豨	32
闖	32
瑟	32
迢	32
晧	32
襴	32
攝	32
倪	32
麵	32
淨	32
帚	32
珉	32
场	32
黨	32
踝	32
菘	32
蒟	32
虱	32
檬	32
楫	32
芍	32
劭	32
劃	32
沒	32
檸	32
羿	31
胖	31
隸	31
誂	31
昵	31
狒	31
儼	31
濂	31
縋	31
瑗	31
龙	31
跛	31
寥	31
黟	31
猊	31
崧	31
稍	31
侂	31
鬥	31
旌	31
璞	31
檢	31
楸	31
烟	31
營	31
瓏	31
雒	31
鄱	31
驀	31
毋	31
翎	30
鴟	30
昪	30
椏	30
渝	30
噶	30
幺	30
璐	30
輕	30
艸	30
踰	30
獸	30
乘	30
甯	30
滌	30
豈	30
濞	30
絳	30
鐚	30
愧	30
琛	30
挾	30
媧	29
盥	29
髦	29
黽	29
忻	29
欖	29
莊	29
豁	29
粳	29
忉	29
眭	29
聨	29
槎	29
釵	29
莚	29
嶠	29
闐	29
个	29
廆	29
頫	29
阳	29
罃	29
从	29
噲	29
媼	29
蹇	29
嬲	29
涓	29
衢	29
錢	29
纒	29
驛	29
蹶	29
貊	28
盎	28
慾	28
顒	28
楞	28
鋺	28
葎	28
乐	28
讓	28
鑰	28
佶	28
耙	28
呻	28
铁	28
耒	28
飩	28
澂	28
詧	28
俐	28
摑	28
亟	27
靍	27
吒	27
璘	27
爭	27
憍	27
挹	27
紇	27
鎹	27
閦	27
们	27
姆	27
葩	27
鬯	27
伋	27
繼	27
吶	27
癡	27
霙	27
參	27
邛	27
勺	27
洮	27
黥	27
嗄	27
收	27
秭	27
燎	26
橄	26
掉	26
椚	26
狆	26
秬	26
醴	26
梛	26
狷	26
奐	26
舫	26
进	26
滕	26
匱	26
煇	26
顓	26
恙	26
粽	26
娟	26
誾	26
邲	26
笘	26
鴬	26
冢	26
鶻	26
煨	26
驟	26
增	26
蒻	26
馘	26
竃	26
暘	25
濰	25
珸	25
璿	25
蒴	25
榑	25
纜	25
琇	25
亶	25
擒	25
睛	25
繪	25
袞	25
鰤	25
駟	25
淤	25
亠	25
贊	25
價	25
战	25
甍	25
燔	25
萸	25
懶	25
夛	25
滾	25
鷯	25
乍	25
璇	25
據	25
莘	25
祿	25
拏	25
嵬	25
廨	24
箍	24
沘	24
癧	24
壤	24
逄	24
閂	24
痂	24
鏞	24
艙	24
篷	24
蜉	24
蠻	24
懷	24
邃	24
俥	24
爰	24
絖	24
瘰	24
粱	24
喊	24
銈	24
樛	24
孩	24
訖	24
佬	24
湫	24
猗	24
蝣	24
紮	24
奬	24
睺	23
囿	23
际	23
壜	23
緝	23
蚩	23
朓	23
郞	23
姒	23
茘	23
曁	23
籏	23
暲	23
蟾	23
澶	23
杆	23
顏	23
筝	23
焜	23
窖	23
陌	23
繻	23
觴	23
霽	23
鱶	23
奝	23
湍	23
箙	23
倡	22
鈐	22
窠	22
鵤	22
懊	22
炫	22
搏	22
茣	22
寫	22
么	22
澈	22
岻	22
睢	22
齡	22
戡	22
豸	22
樸	22
稻	22
徸	22
惲	22
亂	22
靚	22
羚	22
諤	22
隲	22
蓙	22
蹈	22
遐	22
羆	22
媞	22
絁	22
笮	22
郴	22
鈺	21
捄	21
雋	21
瀏	21
竝	21
簇	21
籀	21
墻	21
汞	21
擅	21
辭	21
珅	21
峽	21
瓔	21
悋	21
禱	21
筬	21
碭	21
步	21
愿	21
蜚	21
賴	21
皎	21
莅	21
砌	21
屡	21
喃	21
珖	21
珞	21
嘎	20
估	20
鋹	20
狎	20
长	20
熕	20
惡	20
陘	20
玫	20
謌	20
宀	20
廩	20
峒	20
莵	20
兔	20
蝎	20
辦	20
宁	20
鷄	20
躋	20
觜	20
鴒	20
獎	20
婷	20
剿	20
懈	20
廢	20
繡	20
歡	20
桎	20
抓	20
覺	20
貉	20
篦	20
气	20
輓	20
畯	20
厶	19
礽	19
窿	19
瞠	19
棊	19
塢	19
擊	19
罌	19
綠	19
豕	19
鰲	19
忯	19
俠	19
唹	19
糕	19
茯	19
椴	19
泯	19
苟	19
麋	19
颱	19
运	19
啟	19
駮	19
藐	19
杦	19
鏤	19
鯤	19
乕	19
薺	19
擺	19
虢	19
梏	19
狢	19
网	19
曵	19
鷸	19
茱	19
齶	19
梼	19
枸	19
跎	19
竭	19
駙	19
联	19
线	18
湟	18
岔	18
册	18
耄	18
瘋	18
轅	18
麥	18
枉	18
鐔	18
沅	18
琪	18
諚	18
蒡	18
靳	18
撻	18
价	18
囎	18
咨	18
抛	18
鄕	18
滁	18
鑒	18
沾	18
梔	18
腥	18
马	18
饂	18
蜑	18
閇	18
跌	18
慂	18
硼	18
笨	18
仭	18
刄	18
琫	18
攷	18
鍇	18
慫	18
竦	18
杳	18
腟	18
摠	18
淦	18
嫗	18
剝	18
枩	18
勛	18
圉	18
褹	18
嫄	18
愔	18
禑	17
麼	17
搖	17
鰈	17
鞬	17
垈	17
驁	17
辵	17
翕	17
醋	17
腆	17
謫	17
銓	17
豬	17
孛	17
髟	17
陂	17
楪	17
熄	17
耨	17
抔	17
莪	17
弭	17
悖	17
埓	17
哪	17
惶	17
鴆	17
噫	17
籙	17
拔	17
寐	17
媓	17
佰	17
貘	17
俔	17
誑	17
莿	17
樣	17
磚	17
孽	16
鑠	16
衑	16
猖	16
啞	16
电	16
殤	16
蘐	16
鬮	16
讎	16
穽	16
眸	16
恚	16
冕	16
棻	16
彈	16
閖	16
潽	16
悧	16
髮	16
亰	16
鑢	16
彤	16
门	16
倧	16
魹	16
敎	16
彳	16
堈	16
蚌	16
卅	16
忱	16
聽	16
凵	16
枦	16
濶	16
貳	16
塒	16
昀	16
灤	16
鱧	16
嗾	16
龠	16
捍	16
挌	16
嵆	16
覿	16
婬	16
侏	16
弯	16
皝	16
鍈	16
拂	15
氵	15
嗤	15
轜	15
霾	15
騶	15
譯	15
靑	15
獗	15
謾	15
俤	15
夂	15
陜	15
壘	15
擯	15
瓠	15
坌	15
莇	15
險	15
耜	15
忸	15
霑	15
禛	15
曷	15
怩	15
靏	15
荖	15
錡	15
杙	15
繩	15
嘶	15
殭	15
鶺	15
慊	15
頰	15
凭	15
崛	15
蚶	15
徙	15
擔	15
抬	15
汉	15
洟	15
僣	15
腮	15
珏	15
廐	15
垪	15
戲	15
爐	15
泚	15
张	15
徵	15
迩	15
苡	15
孰	15
鳰	15
吳	15
罘	15
薑	15
荔	15
旽	15
鑲	15
蓚	14
璠	14
歟	14
燒	14
薰	14
荳	14
鬲	14
氓	14
單	14
礱	14
卭	14
维	14
髱	14
袒	14
岛	14
芎	14
縱	14
蹤	14
军	14
疳	14
淸	14
帙	14
璜	14
摧	14
襤	14
挂	14
佟	14
隹	14
禔	14
輅	14
昰	14
貓	14
駛	14
寰	14
皀	14
瀰	14
鶚	14
堃	14
暐	14
惕	14
釟	14
俞	14
团	14
諳	14
釤	14
琨	14
劒	14
佯	14
冩	14
巋	14
兕	14
赭	14
綵	14
棧	14
衽	14
跑	14
羇	14
彜	14
佻	14
犇	14
禖	14
榆	14
舖	14
鶿	14
圻	14
汨	14
鉗	14
昺	14
哄	14
慷	14
嚭	14
牘	14
樾	14
迥	14
兰	14
袷	14
贏	14
豌	14
洌	14
袰	13
莬	13
豉	13
錺	13
覊	13
炤	13
饕	13
簽	13
鯢	13
衫	13
鶸	13
蛞	13
縢	13
乭	13
夊	13
閬	13
覡	13
氹	13
磬	13
谺	13
爱	13
餮	13
壯	13
潞	13
矍	13
塌	13
鏐	13
侫	13
冫	13
貽	13
嫂	13
熲	13
琊	13
孀	13
潢	13
隱	13
覲	13
瘠	13
栁	13
僦	13
囓	13
潙	13
梭	13
鑪	13
晝	13
貔	13
樑	13
沪	13
菠	13
姞	13
鰆	13
鄆	13
孁	13
灝	13
牴	13
簫	13
褸	13
擧	13
怕	13
迴	13
栲	13
潯	13
貅	13
瘧	13
崍	13
戶	13
囗	13
鯊	13
徇	13
鱲	13
渺	13
埈	13
迸	13
圜	13
伷	13
莨	13
歲	12
齕	12
膂	12
晗	12
柬	12
殳	12
壠	12
眦	12
犨	12
轨	12
嗉	12
穗	12
闞	12
諛	12
憮	12
徑	12
胄	12
蟀	12
煦	12
鱸	12
澮	12
邽	12
脉	12
郾	12
动	12
沔	12
覓	12
澧	12
焰	12
髀	12
暾	12
姬	12
墘	12
鏈	12
巓	12
纪	12
晙	12
蓁	12
毟	12
肄	12
鰒	12
珣	12
隶	12
瀨	12
爿	12
楙	12
厂	12
凖	12
枹	12
匄	12
嶝	12
寞	12
臻	12
廚	12
圈	12
蝓	12
隍	12
祕	12
咢	12
亚	12
丨	12
樔	12
屆	12
埗	12
黝	12
僮	12
滏	12
珱	12
敕	12
滹	12
豺	12
尅	12
芿	12
鑛	12
鲁	12
每	12
蘄	11
邡	11
灶	11
翩	11
连	11
陷	11
鐶	11
鑷	11
湄	11
发	11
湮	11
賚	11
岌	11
殘	11
漪	11
蹕	11
牀	11
歐	11
蠔	11
斷	11
甞	11
絮	11
倆	11
竑	11
匋	11
弽	11
脘	11
鯔	11
僥	11
胛	11
亅	11
褫	11
淅	11
攴	11
淯	11
碣	11
覃	11
庠	11
軀	11
阯	11
覽	11
姝	11
纈	11
橦	11
鵰	11
羮	11
垳	11
騅	11
务	11
嬾	11
薈	11
髠	11
裘	11
茴	11
郿	11
吧	11
羋	11
冂	11
餝	11
忞	11
卫	11
掏	11
鉚	11
丐	11
鑞	11
蜩	11
默	11
枓	11
瑰	11
謇	11
咏	11
塼	11
偸	11
蠖	11
諂	11
灑	11
毖	11
橫	11
霓	11
疒	11
侖	11
藥	11
淪	11
倘	11
蘢	11
菸	11
瀲	11
盱	11
硅	11
饑	10
豳	10
鼾	10
鷽	10
潛	10
遑	10
擴	10
譫	10
柝	10
妣	10
稹	10
紞	10
韭	10
摶	10
踐	10
翆	10
蟋	10
菽	10
襠	10
瘞	10
夬	10
曩	10
妮	10
僉	10
幔	10
峩	10
儋	10
榲	10
佈	10
諟	10
膃	10
絽	10
捃	10
仆	10
劻	10
卐	10
龢	10
婺	10
驥	10
氂	10
舉	10
樒	10
詒	10
鏗	10
摹	10
匚	10
簝	10
郛	10
陴	10
鍝	10
嚳	10
鯀	10
繖	10
仡	10
睥	10
栜	10
鞣	10
詵	10
桴	10
鬩	10
痾	10
红	10
桙	10
蓜	10
罡	10
恊	10
歼	10
鞮	10
庆	10
搨	10
厰	10
鑵	10
愨	10
艪	10
哇	10
癰	10
嶂	10
桥	10
帕	10
湳	10
畤	10
廾	10
鬪	10
湜	10
黼	10
沆	10
龑	10
麑	10
倻	10
璩	10
洄	10
趁	10
碎	10
劓	10
硤	10
謦	10
鑄	10
嵊	10
瑫	10
魈	10
两	10
釆	10
歷	10
办	10
涉	9
鏢	9
皷	9
鵑	9
產	9
髓	9
泝	9
鰣	9
溫	9
妺	9
筲	9
馆	9
甃	9
椽	9
炅	9
韵	9
梠	9
顫	9
鎰	9
柒	9
档	9
枻	9
蛄	9
磑	9
跟	9
菀	9
齒	9
鹼	9
纐	9
偐	9
餠	9
愰	9
蝴	9
廸	9
妤	9
祏	9
畚	9
筱	9
蹼	9
魴	9
枌	9
說	9
緜	9
勰	9
鄉	9
盜	9
曻	9
戩	9
噤	9
侊	9
亊	9
义	9
阡	9
寢	9
汙	9
嬶	9
跫	9
苳	9
綢	9
达	9
狀	9
縉	9
辧	9
鱇	9
焯	9
鱚	9
寚	9
凞	9
阝	9
煊	9
顚	9
嶬	9
剡	9
逹	9
赛	9
宓	9
狹	9
眾	9
蓴	9
溂	9
擇	9
卩	9
盦	9
鄖	9
殼	9
漾	9
鉀	9
皙	9
浿	9
柢	9
巛	9
咖	9
罅	9
陈	9
儉	9
鶫	9
咱	9
它	9
朐	9
兴	9
杻	9
唎	8
羕	8
壑	8
鷓	8
嵓	8
鐺	8
丰	8
騾	8
癶	8
媾	8
语	8
鴣	8
蜈	8
挵	8
嵋	8
屢	8
畧	8
縵	8
瑄	8
骰	8
紵	8
产	8
苏	8
菏	8
磴	8
蹻	8
玘	8
檍	8
蔔	8
囉	8
膩	8
隰	8
邴	8
攽	8
澠	8
璣	8
暄	8
蔘	8
晚	8
麪	8
沟	8
肭	8
鰕	8
罽	8
匏	8
爸	8
瓷	8
闌	8
业	8
湃	8
遒	8
剔	8
絋	8
尢	8
驎	8
黶	8
薹	8
煖	8
睚	8
鰉	8
賾	8
眙	8
脷	8
蜍	8
檔	8
甬	8
屮	8
灞	8
醵	8
椥	8
鋠	8
罩	8
啤	8
鉏	8
慙	8
覈	8
欉	8
呷	8
鎣	8
篶	8
麌	8
搜	8
藜	8
栻	8
菷	8
顱	8
蚣	8
适	8
粵	8
鮟	8
园	8
壞	8
蓍	8
鏘	8
黯	8
嬀	8
彘	8
遞	8
蹋	8
幫	8
垰	8
揭	8
叺	8
澆	8
怛	8
冦	8
滃	8
崤	8
螳	8
齣	8
裙	8
刕	8
嫣	8
嶢	8
丫	8
飥	8
薜	8
蹔	8
鐃	8
譔	8
穉	8
懦	8
洺	8
濹	8
懽	8
玆	8
遲	8
袤	8
岭	8
輟	7
歛	7
傣	7
婪	7
愃	7
匸	7
蒂	7
嚶	7
攵	7
滙	7
盩	7
黹	7
笋	7
鯏	7
厔	7
餺	7
傔	7
觚	7
鄔	7
查	7
淩	7
仿	7
餛	7
涕	7
捶	7
鏖	7
很	7
笵	7
虍	7
让	7
珙	7
扣	7
遯	7
葷	7
鄄	7
头	7
书	7
苹	7
嵇	7
队	7
鰮	7
棡	7
尙	7
吴	7
纘	7
荑	7
粁	7
裹	7
暻	7
寘	7
驒	7
絓	7
慚	7
烤	7
痿	7
躪	7
釀	7
呀	7
灃	7
墉	7
廝	7
丽	7
癭	7
苣	7
畭	7
醱	7
瓉	7
蚓	7
边	7
膽	7
繃	7
騁	7
肓	7
煞	7
哆	7
歹	7
鱓	7
婕	7
远	7
嗢	7
濛	7
幤	7
漯	7
嶸	7
泮	7
垒	7
莟	7
璦	7
猨	7
獬	7
瓮	7
圮	7
灬	7
懌	7
鍚	7
捥	7
襪	7
鶲	7
鉃	7
刮	7
葢	7
糲	7
腦	7
莧	7
畊	7
历	7
璵	7
譏	7
关	7
敒	7
嘛	7
篮	7
勞	7
蚯	7
邠	7
敘	7
簔	7
絕	7
酣	7
蟬	7
齐	7
蓂	7
鉧	7
蕈	7
蝟	7
熒	7
嗔	7
凾	7
禸	7
蓆	7
慳	7
撝	7
箝	7
冖	7
豔	7
扠	7
俾	7
乩	7
赧	7
驗	7
鱮	7
疊	7
夘	7
膕	7
况	7
鷂	7
曦	7
沉	6
炷	6
噹	6
荅	6
斫	6
悅	6
樞	6
嗷	6
淙	6
朵	6
瓩	6
髢	6
扛	6
拆	6
緡	6
朏	6
箜	6
擎	6
塱	6
倬	6
漓	6
崆	6
炘	6
护	6
錄	6
酘	6
蕷	6
儆	6
癈	6
綯	6
澍	6
眇	6
墮	6
罗	6
旒	6
躡	6
玳	6
閹	6
鋌	6
羔	6
睹	6
螭	6
吋	6
悄	6
躱	6
彐	6
愆	6
嗩	6
啾	6
蚵	6
咕	6
殀	6
錻	6
凩	6
坧	6
姸	6
裄	6
跗	6
尞	6
郗	6
薏	6
辽	6
泻	6
驊	6
碟	6
洼	6
萨	6
惻	6
鵙	6
跣	6
宫	6
螽	6
乌	6
獵	6
楹	6
岁	6
飮	6
鵂	6
僴	6
瓣	6
玢	6
术	6
蕚	6
佉	6
孑	6
槲	6
仞	6
罒	6
繒	6
嫪	6
殞	6
遏	6
约	6
缻	6
衵	6
强	6
絎	6
鯷	6
貮	6
篌	6
虵	6
嫋	6
卻	6
臉	6
幷	6
膈	6
袮	6
剕	6
啻	6
敝	6
巢	6
磺	6
娛	6
弈	6
嚙	6
毐	6
麛	6
揣	6
瘁	6
繙	6
蜒	6
勵	6
駘	6
蛻	6
忖	6
痲	6
开	6
癆	6
豢	6
僵	6
镇	6
瓲	6
逋	6
竽	6
埣	6
泵	6
经	6
閿	6
萵	6
图	6
晜	6
弍	6
淖	6
頹	6
橅	6
风	6
涂	6
蟆	6
鋩	6
顺	6
芷	6
藎	6
紈	6
碆	6
贓	6
癘	6
窰	6
岵	6
鷆	6
鱛	6
艺	6
鼇	6
刘	6
敍	6
潑	6
杠	6
盖	6
瘟	6
蒨	6
痞	6
挧	6
騭	6
徃	6
鄞	6
蠹	6
螻	6
擽	6
节	5
竒	5
粿	5
兢	5
嫻	5
记	5
弒	5
窕	5
协	5
槊	5
鼐	5
鯓	5
瀦	5
菇	5
泙	5
忤	5
冾	5
跖	5
夸	5
滂	5
蔲	5
戞	5
梻	5
萣	5
罟	5
竰	5
纉	5
龝	5
覩	5
紱	5
肸	5
鑫	5
环	5
絛	5
鸛	5
瑈	5
暨	5
榷	5
嶄	5
塭	5
您	5
捔	5
驅	5
楣	5
彖	5
稃	5
芩	5
鍳	5
眥	5
嗎	5
畹	5
导	5
鄷	5
鬻	5
鴿	5
级	5
怙	5
银	5
鳧	5
鱼	5
驩	5
諗	5
滯	5
喨	5
狻	5
疔	5
弢	5
嫥	5
嶍	5
琼	5
鯣	5
廴	5
蠑	5
锅	5
滨	5
塲	5
鵆	5
忝	5
鐫	5
娵	5
蚋	5
鶇	5
觔	5
窗	5
耻	5
僰	5
禀	5
蚪	5
蜿	5
崚	5
轎	5
蔕	5
鄜	5
滷	5
撐	5
臾	5
麭	5
虒	5
籖	5
贍	5
鮃	5
駑	5
礻	5
紕	5
赵	5
壓	5
蕖	5
徼	5
譞	5
瓌	5
彑	5
勹	5
苜	5
颶	5
蔴	5
螈	5
鰥	5
骶	5
冼	5
众	5
襃	5
樘	5
黠	5
彠	5
昤	5
祆	5
牂	5
摎	5
皚	5
梦	5
垙	5
妝	5
夲	5
蔥	5
桒	5
廞	5
輒	5
鰰	5
曌	5
擶	5
车	5
郯	5
慥	5
薌	5
粃	5
臑	5
码	5
蓿	5
酇	5
瓛	5
鯯	5
薐	5
习	5
粭	5
奯	5
銷	5
癤	5
鯒	5
噸	5
伉	5
瞎	5
衲	5
拖	5
啡	5
膅	5
櫞	5
嶹	5
鉐	5
晳	5
棭	5
蓊	5
锦	5
嫺	5
碰	5
虺	5
韙	5
菡	5
萏	5
媱	5
薤	5
髆	5
裒	5
襾	5
牯	5
搶	5
褓	5
鲜	5
叮	5
荣	5
袠	5
鴃	5
炆	5
忄	5
搔	5
胼	5
杨	5
惓	5
坝	5
瓱	5
扨	5
皰	5
孙	5
眛	5
乡	5
临	4
壻	4
踟	4
离	4
蕘	4
嘸	4
俉	4
妧	4
塽	4
乇	4
繧	4
湲	4
丝	4
鄣	4
蓖	4
罧	4
鰧	4
凤	4
穌	4
璨	4
襁	4
乚	4
絺	4
麸	4
譁	4
噓	4
鱠	4
簋	4
她	4
盼	4
蚝	4
逾	4
矼	4
膊	4
瘦	4
鮸	4
惊	4
姤	4
綉	4
妛	4
榻	4
领	4
侔	4
歧	4
纳	4
潾	4
棼	4
崴	4
擥	4
硲	4
鰛	4
竴	4
歔	4
脣	4
瘭	4
竊	4
飞	4
听	4
寉	4
汧	4
堊	4
訾	4
货	4
轻	4
蓓	4
插	4
鍜	4
鰄	4
駭	4
煲	4
幃	4
靉	4
驫	4
蝨	4
鏵	4
憨	4
编	4
篙	4
鷭	4
畲	4
魘	4
满	4
雱	4
找	4
旼	4
嘏	4
婧	4
鄠	4
蘅	4
詝	4
燠	4
諲	4
醢	4
灢	4
鉸	4
勸	4
瑢	4
毳	4
钢	4
垕	4
爼	4
梀	4
簎	4
荆	4
种	4
磷	4
缸	4
晞	4
窶	4
搆	4
褘	4
喻	4
圦	4
腊	4
鞦	4
濕	4
乔	4
鋗	4
剗	4
懍	4
坮	4
擤	4
綟	4
僂	4
溧	4
渼	4
怎	4
箟	4
纛	4
潦	4
顴	4
滻	4
嘖	4
笂	4
杪	4
璈	4
崃	4
鼯	4
犛	4
鑊	4
鍰	4
儞	4
倞	4
拕	4
炟	4
郟	4
甝	4
墅	4
梺	4
蠆	4
瑎	4
蟯	4
伟	4
殱	4
蒄	4
秧	4
曮	4
聃	4
棈	4
噍	4
蒗	4
玹	4
齦	4
黻	4
昫	4
蜊	4
廏	4
栫	4
劼	4
顋	4
飠	4
翺	4
獼	4
褂	4
榭	4
唔	4
佘	4
坨	4
樁	4
刔	4
芟	4
丗	4
塤	4
娣	4
殃	4
粢	4
鈩	4
坻	4
员	4
隄	4
紉	4
賨	4
噯	4
巵	4
甅	4
疚	4
攤	4
营	4
勖	4
黜	4
哖	4
繝	4
榪	4
珮	4
畬	4
狮	4
孳	4
艹	4
阴	4
煆	4
济	4
总	4
组	4
为	4
藕	4
羃	4
畴	4
菻	4
緄	4
贡	4
靇	4
僞	4
辶	4
彁	4
鰂	4
黁	4
寃	4
峭	4
嚏	4
烋	4
仟	4
视	4
梆	4
结	4
湉	4
捫	4
褞	4
鏥	4
燹	4
岦	4
竓	4
槵	4
橳	4
蘖	4
帑	4
鈹	4
葈	4
嵎	4
侚	4
簣	4
彥	4
穠	4
韩	4
槭	4
鮠	4
釼	4
尠	4
倨	4
鯥	4
茵	4
孥	4
駸	4
鶍	4
衄	4
僔	4
虛	4
亖	4
恠	4
魲	4
纊	4
縈	4
蟎	4
鱟	4
棽	4
帜	4
织	4
緱	4
钁	4
蝌	4
吁	4
姈	4
瘀	4
鞫	4
泽	4
冱	4
皴	4
嵙	4
礀	4
偆	4
啊	4
间	4
鱀	4
犴	4
緖	4
澡	4
韆	4
鶩	3
卢	3
鯽	3
簓	3
粨	3
骼	3
瓸	3
昚	3
鰔	3
挖	3
标	3
橛	3
鍠	3
过	3
闋	3
牺	3
憘	3
蕫	3
朖	3
欞	3
椵	3
嶧	3
焏	3
漚	3
黏	3
嚔	3
珒	3
迚	3
划	3
搞	3
讬	3
怱	3
陕	3
弎	3
跚	3
昞	3
弸	3
杈	3
獐	3
竡	3
靨	3
岺	3
豅	3
鉑	3
罣	3
檯	3
偓	3
袙	3
榘	3
寤	3
腳	3
讙	3
桄	3
曆	3
淬	3
痼	3
扌	3
湔	3
艷	3
刂	3
鱉	3
濩	3
褧	3
燬	3
涑	3
糰	3
顳	3
邙	3
畀	3
庲	3
灄	3
嚀	3
秊	3
敌	3
凯	3
陁	3
髞	3
魳	3
淼	3
軏	3
猇	3
貎	3
巘	3
摔	3
襍	3
喟	3
飭	3
溷	3
僳	3
閆	3
傈	3
瓰	3
渢	3
乢	3
愓	3
呱	3
岗	3
嵭	3
騮	3
鐲	3
湶	3
孃	3
渴	3
绿	3
纔	3
脫	3
鱩	3
莖	3
壼	3
倢	3
濳	3
栝	3
壒	3
裲	3
肃	3
蓀	3
忒	3
缼	3
盍	3
竕	3
薭	3
带	3
蒭	3
繦	3
鵼	3
丱	3
矠	3
涮	3
騷	3
綣	3
竍	3
榀	3
獦	3
鋐	3
橖	3
轂	3
蕰	3
殄	3
崢	3
鮹	3
乀	3
緍	3
慵	3
扞	3
逕	3
朥	3
澔	3
奛	3
柤	3
鮱	3
盘	3
刖	3
餜	3
籵	3
陬	3
榾	3
烘	3
擠	3
綛	3
啀	3
卄	3
鱆	3
罇	3
沧	3
媳	3
姊	3
佺	3
脑	3
訷	3
蛔	3
围	3
迺	3
吞	3
晪	3
撾	3
婀	3
皈	3
唵	3
謠	3
糅	3
昩	3
韈	3
燉	3
硃	3
汋	3
膓	3
衎	3
瑱	3
譎	3
龖	3
莓	3
欸	3
陆	3
扬	3
嗹	3
录	3
夐	3
邶	3
櫲	3
霎	3
楝	3
凢	3
偷	3
耂	3
抖	3
鼒	3
錥	3
抚	3
噠	3
胯	3
贝	3
鍹	3
虖	3
縑	3
貲	3
鈼	3
獒	3
鹏	3
螟	3
郑	3
珧	3
歬	3
旈	3
齏	3
窋	3
煒	3
曈	3
鱏	3
胜	3
鏻	3
秌	3
昜	3
簠	3
鋿	3
荵	3
頎	3
洫	3
哦	3
縠	3
瓧	3
对	3
邔	3
鼡	3
乫	3
攜	3
閧	3
沭	3
戉	3
颺	3
售	3
郫	3
圄	3
訒	3
犭	3
瀁	3
树	3
偁	3
穝	3
晥	3
邗	3
匀	3
鋁	3
聢	3
埭	3
侒	3
时	3
椨	3
筴	3
鸝	3
猯	3
贒	3
瀅	3
笳	3
溏	3
崮	3
蓨	3
睴	3
请	3
儛	3
欷	3
菑	3
悽	3
勱	3
皞	3
垝	3
鈊	3
墙	3
睆	3
羖	3
傴	3
灊	3
纖	3
瑝	3
怀	3
尨	3
话	3
呎	3
饐	3
諝	3
葮	3
棱	3
遶	3
孼	3
辉	3
芫	3
崕	3
瘣	3
贵	3
餽	3
噎	3
罨	3
氛	3
睍	3
賰	3
伜	3
鵐	3
錏	3
嵒	3
釥	3
棵	3
陔	3
珽	3
惱	3
枴	3
这	3
戛	3
勐	3
悝	3
劦	3
羸	3
竏	3
揵	3
罍	3
讯	3
覘	3
銨	3
蜱	3
蛰	3
縶	3
悊	3
髎	3
縟	3
眄	3
杤	3
傖	3
飆	3
蕺	3
慍	3
莠	3
熬	3
牁	3
鵟	3
噬	3
晷	3
报	3
堉	3
鰱	3
狃	3
廛	3
翱	3
掎	3
实	3
焄	3
醯	3
傚	3
洧	3
鐭	3
鸱	3
尘	3
鈇	3
费	3
廄	3
撩	3
膻	3
烱	3
唳	3
赣	3
喵	3
鏆	3
显	3
蜓	3
蹌	3
癜	3
剴	3
虧	3
姮	3
踢	3
辷	3
陲	3
璆	3
錞	3
兊	3
璝	3
层	3
鄶	2
碻	2
鴾	2
硐	2
葘	2
觱	2
痎	2
逶	2
紓	2
鬧	2
栱	2
褲	2
錶	2
鋋	2
呏	2
蠲	2
玠	2
閡	2
蘗	2
欵	2
柂	2
剏	2
曬	2
帒	2
燸	2
疍	2
羑	2
頔	2
鄺	2
宾	2
濆	2
响	2
倥	2
虁	2
榁	2
戇	2
猽	2
懆	2
塋	2
靕	2
卽	2
跃	2
击	2
甓	2
值	2
晈	2
觭	2
哿	2
逧	2
镕	2
绸	2
茛	2
覬	2
耈	2
嗑	2
啦	2
嬥	2
鋓	2
佖	2
珩	2
蚰	2
塏	2
晛	2
惴	2
綷	2
峍	2
齠	2
噦	2
骎	2
閙	2
溿	2
鎂	2
戢	2
瞯	2
闃	2
絈	2
輾	2
釭	2
蠧	2
糴	2
芡	2
畄	2
礇	2
鑅	2
旡	2
阗	2
碉	2
贐	2
禳	2
杌	2
浐	2
骊	2
鬟	2
榨	2
鮴	2
濼	2
熅	2
騈	2
椪	2
鋃	2
凅	2
厮	2
嶲	2
淒	2
釚	2
瘖	2
稞	2
蚡	2
糝	2
恺	2
橾	2
衕	2
变	2
欢	2
暿	2
鯭	2
墀	2
篂	2
蠶	2
严	2
諢	2
抻	2
撿	2
郇	2
扐	2
孖	2
鏱	2
瀇	2
嚈	2
檠	2
軹	2
熜	2
鰀	2
异	2
逈	2
焞	2
皜	2
蘧	2
菪	2
隝	2
冈	2
遉	2
畛	2
鵫	2
苪	2
荿	2
髃	2
衤	2
揩	2
嬙	2
欹	2
燊	2
蠺	2
桺	2
糂	2
虑	2
甎	2
浞	2
磻	2
擘	2
鵩	2
彔	2
镸	2
桱	2
樰	2
忩	2
烷	2
茁	2
狠	2
螃	2
殛	2
褜	2
尪	2
湞	2
踉	2
唏	2
梲	2
嘹	2
堽	2
权	2
迈	2
痤	2
檟	2
樴	2
屐	2
麽	2
癢	2
溲	2
鉥	2
晭	2
猎	2
唢	2
柁	2
讞	2
瞶	2
汇	2
袵	2
鉎	2
脯	2
麏	2
犧	2
鶹	2
槁	2
乄	2
旉	2
鋧	2
棫	2
嚕	2
斈	2
夋	2
砡	2
徤	2
卧	2
搴	2
埩	2
嘓	2
嚨	2
鵥	2
霨	2
衂	2
泅	2
葊	2
伃	2
呐	2
鮏	2
啐	2
屶	2
誚	2
煓	2
閽	2
辖	2
羶	2
臟	2
廡	2
澀	2
縡	2
犾	2
歃	2
偀	2
换	2
詼	2
霅	2
娇	2
鯲	2
盅	2
饰	2
蛺	2
专	2
牖	2
鷟	2
灭	2
喁	2
麇	2
愎	2
劯	2
飈	2
屛	2
络	2
釮	2
漼	2
僙	2
晢	2
穵	2
亻	2
卮	2
鹰	2
紝	2
逯	2
郄	2
鉙	2
鱝	2
忰	2
妁	2
洎	2
蒓	2
筭	2
浹	2
橢	2
魬	2
闈	2
嬖	2
砬	2
竫	2
顬	2
霉	2
烜	2
鉆	2
简	2
农	2
蒪	2
刱	2
霳	2
媯	2
姙	2
鮚	2
蓐	2
幗	2
櫤	2
韲	2
羗	2
玟	2
鉊	2
芪	2
刵	2
睇	2
慓	2
忬	2
皛	2
鞱	2
劳	2
鼁	2
咜	2
儵	2
瑇	2
迶	2
磅	2
璲	2
苾	2
澵	2
竧	2
屨	2
黿	2
肀	2
爷	2
璹	2
縕	2
餒	2
鯑	2
皹	2
橆	2
汊	2
囹	2
瀍	2
揀	2
旄	2
觉	2
韍	2
继	2
塨	2
锡	2
綦	2
鎺	2
畡	2
澇	2
粦	2
鈸	2
岼	2
曀	2
蠊	2
溱	2
胅	2
兤	2
邺	2
礿	2
柀	2
哢	2
銧	2
枵	2
榖	2
茝	2
尣	2
盔	2
畩	2
緣	2
覀	2
仚	2
坿	2
茆	2
舰	2
证	2
鋻	2
玦	2
扆	2
砍	2
傒	2
朳	2
魋	2
剑	2
穡	2
籥	2
阼	2
单	2
硎	2
鋕	2
鰡	2
邾	2
蟜	2
糶	2
撇	2
蘰	2
焕	2
戳	2
簷	2
烔	2
旲	2
伀	2
郕	2
陦	2
釿	2
簍	2
皦	2
錂	2
誧	2
酖	2
榦	2
户	2
鑃	2
棐	2
髜	2
吮	2
耡	2
眯	2
濔	2
臠	2
誐	2
氿	2
亩	2
举	2
跿	2
賻	2
殪	2
醮	2
魵	2
溽	2
碞	2
檪	2
垬	2
邮	2
袾	2
蕋	2
怤	2
舸	2
箞	2
緲	2
玃	2
嬈	2
愤	2
贼	2
浼	2
漻	2
鵇	2
坫	2
錝	2
昿	2
鮗	2
劝	2
聦	2
讌	2
鰙	2
朿	2
蕓	2
鏜	2
迤	2
纃	2
冝	2
幘	2
髫	2
创	2
样	2
螾	2
虓	2
郜	2
諠	2
饭	2
鈆	2
帮	2
犱	2
瘉	2
鸙	2
抦	2
嫖	2
娄	2
玵	2
鷁	2
狟	2
擐	2
飘	2
懾	2
梹	2
埇	2
处	2
阆	2
逊	2
孒	2
痹	2
迊	2
愀	2
銍	2
嶓	2
麕	2
螯	2
霏	2
讜	2
恁	2
獷	2
輞	2
秽	2
皸	2
嫐	2
啥	2
暙	2
櫱	2
愗	2
巔	2
臬	2
絿	2
薁	2
翽	2
跆	2
佝	2
椈	2
璡	2
匤	2
渲	2
濇	2
胙	2
锋	2
圷	2
蚫	2
舃	2
歉	2
燏	2
禡	2
驌	2
调	2
悰	2
犼	2
襀	2
儻	2
竢	2
鯡	2
珦	2
鈦	2
趯	2
浯	2
蝲	2
蚜	2
勔	2
艟	2
暝	2
衮	2
坼	2
咦	2
泖	2
羡	2
刨	2
儕	2
鯎	2
挈	2
轀	2
荈	2
蓝	2
岢	2
涬	2
剩	2
隯	2
惋	2
耋	2
痃	2
绵	2
圯	2
净	2
鍗	2
駰	2
禝	2
职	2
簟	2
别	2
暸	2
勀	2
鯆	2
偂	2
糵	2
渧	2
凮	2
縲	2
鞁	2
鄚	2
彆	2
嶇	2
蒍	2
緇	2
鋙	2
絜	2
娉	2
甗	2
螠	2
頵	2
澥	2
椶	2
籘	2
偰	2
喞	2
鬭	2
崘	2
譌	2
坴	2
练	2
卆	2
酲	2
槢	2
蒕	2
攔	2
氺	2
翃	2
淏	2
蛩	2
鼃	2
讠	2
现	2
寀	2
僲	2
珵	2
槹	2
腾	2
嬅	2
錵	2
蟒	2
轌	2
賡	2
鸭	2
竚	2
觸	2
銳	2
嵂	2
棏	2
觥	2
貍	2
传	2
谢	2
币	2
鬃	2
嫮	2
枅	1
谈	1
悫	1
勷	1
莂	1
应	1
蠛	1
腁	1
赉	1
桛	1
穧	1
虯	1
鉷	1
悁	1
纕	1
勍	1
廕	1
靤	1
铹	1
楛	1
蝯	1
齿	1
斅	1
澉	1
螙	1
紪	1
窻	1
柙	1
衜	1
畺	1
昃	1
傌	1
肬	1
勠	1
窑	1
掫	1
蝘	1
襜	1
胭	1
寻	1
猋	1
枘	1
负	1
餧	1
櫆	1
餾	1
釹	1
侲	1
缽	1
汛	1
鯪	1
兹	1
彽	1
驿	1
梉	1
粑	1
鍤	1
澜	1
吡	1
禨	1
泆	1
奓	1
极	1
恄	1
圡	1
旂	1
蟖	1
卹	1
檉	1
餔	1
舮	1
阶	1
呢	1
竩	1
諞	1
鼺	1
翥	1
鏽	1
鶎	1
琓	1
銼	1
觖	1
褀	1
輄	1
鬌	1
貙	1
舲	1
煐	1
绥	1
偦	1
冐	1
錧	1
吩	1
膰	1
惆	1
奋	1
软	1
洚	1
朞	1
檫	1
甪	1
姍	1
篡	1
溘	1
圩	1
鍑	1
闪	1
隩	1
殫	1
叻	1
蔟	1
瞨	1
丬	1
叕	1
遨	1
卪	1
咐	1
頣	1
颸	1
旆	1
诚	1
擰	1
鰶	1
芊	1
拊	1
旰	1
齷	1
咧	1
抳	1
弡	1
洭	1
恟	1
輀	1
茈	1
娎	1
炕	1
熿	1
硺	1
牾	1
鱍	1
叨	1
轫	1
郪	1
襯	1
懴	1
踔	1
椦	1
键	1
贾	1
巉	1
炁	1
鐮	1
偖	1
腠	1
俿	1
磆	1
郖	1
幵	1
鐄	1
訐	1
叁	1
繈	1
戋	1
圙	1
侾	1
柎	1
囘	1
晣	1
孱	1
琚	1
额	1
磝	1
滩	1
鲊	1
鄗	1
墲	1
烂	1
詑	1
玅	1
谐	1
璫	1
遘	1
楾	1
劄	1
鮊	1
戏	1
冮	1
僘	1
盬	1
璁	1
昢	1
氦	1
绝	1
棩	1
桾	1
椓	1
簱	1
膸	1
譿	1
攢	1
鴲	1
穈	1
闭	1
獮	1
怏	1
鐗	1
悤	1
谧	1
檨	1
酅	1
皁	1
褔	1
弰	1
仑	1
铭	1
籲	1
飵	1
砵	1
殍	1
嚟	1
辥	1
娬	1
姁	1
珝	1
釱	1
哳	1
潺	1
簃	1
栋	1
搓	1
焱	1
芼	1
峘	1
询	1
蟪	1
怦	1
罄	1
籮	1
苽	1
玜	1
榠	1
茧	1
鮬	1
煛	1
睟	1
饫	1
婭	1
匆	1
计	1
桌	1
坞	1
闵	1
閊	1
猱	1
痊	1
蕕	1
鷚	1
韞	1
鬀	1
霈	1
梍	1
撕	1
敔	1
屚	1
埳	1
錛	1
涤	1
砭	1
渹	1
鱅	1
騄	1
粫	1
挪	1
飃	1
俍	1
樏	1
麬	1
鵁	1
痆	1
釞	1
藦	1
狴	1
溍	1
駃	1
惩	1
腨	1
寯	1
蛽	1
麂	1
堙	1
鳖	1
翬	1
酳	1
珴	1
蕻	1
圆	1
辡	1
艨	1
栏	1
戓	1
萧	1
嫘	1
櫸	1
沍	1
氢	1
崬	1
廁	1
壅	1
镜	1
剞	1
箘	1
许	1
屭	1
噱	1
庿	1
塐	1
祦	1
巩	1
錍	1
鼕	1
蘯	1
籓	1
釶	1
韺	1
渊	1
霤	1
厷	1
卌	1
樝	1
垤	1
蜯	1
丵	1
餻	1
哎	1
啣	1
扭	1
蘘	1
檛	1
趵	1
濉	1
煢	1
刋	1
鴕	1
粔	1
鶪	1
軈	1
牋	1
髐	1
愬	1
聂	1
詆	1
揫	1
饼	1
掀	1
昙	1
鯐	1
罓	1
槜	1
埸	1
黾	1
崦	1
揅	1
虬	1
梈	1
甡	1
惘	1
嘢	1
呶	1
萁	1
掄	1
览	1
畋	1
繽	1
逤	1
咷	1
秕	1
埡	1
倏	1
嚠	1
扃	1
乛	1
峼	1
莃	1
衊	1
磕	1
鷧	1
轰	1
筓	1
駔	1
陡	1
桵	1
籽	1
猒	1
頠	1
圪	1
傻	1
潚	1
詬	1
堋	1
磠	1
冻	1
棁	1
聆	1
孌	1
诗	1
槫	1
踅	1
逑	1
戝	1
琩	1
纺	1
畓	1
艝	1
籹	1
躃	1
騠	1
阨	1
呔	1
孶	1
瓿	1
螞	1
弹	1
捱	1
较	1
劑	1
櫁	1
蕴	1
嬋	1
禌	1
溮	1
絏	1
緤	1
险	1
喑	1
騤	1
馹	1
势	1
蹬	1
倓	1
媤	1
枲	1
夹	1
祹	1
睽	1
隽	1
绍	1
谁	1
疐	1
钦	1
堹	1
仂	1
评	1
壎	1
奣	1
侁	1
窣	1
噐	1
棯	1
盻	1
帋	1
殮	1
鳌	1
牓	1
磤	1
畽	1
怊	1
枛	1
餤	1
糍	1
壥	1
赬	1
腴	1
魸	1
矻	1
霻	1
规	1
罋	1
汭	1
纟	1
崞	1
谨	1
伪	1
覦	1
鮇	1
玗	1
质	1
礰	1
佔	1
鄫	1
隃	1
笆	1
朎	1
萤	1
咯	1
瓯	1
奲	1
惷	1
檐	1
漩	1
耷	1
摏	1
轩	1
菶	1
输	1
枣	1
朸	1
备	1
捋	1
晹	1
鶱	1
毕	1
鳛	1
瓫	1
鱰	1
馞	1
挥	1
掺	1
棨	1
瘂	1
鄘	1
堞	1
橪	1
柷	1
縝	1
块	1
甂	1
挎	1
伦	1
傯	1
豼	1
霁	1
鄅	1
岜	1
鮞	1
唭	1
廰	1
蟶	1
鴜	1
涧	1
礴	1
盁	1
阁	1
踑	1
霫	1
吭	1
絇	1
啗	1
鋮	1
鰘	1
罚	1
叝	1
雟	1
卲	1
龚	1
猝	1
劜	1
綮	1
埊	1
藾	1
瞟	1
骭	1
徯	1
驂	1
痳	1
匇	1
犲	1
穭	1
愒	1
粄	1
鮖	1
傜	1
伹	1
獱	1
畵	1
玛	1
澣	1
拑	1
聒	1
闟	1
桢	1
旿	1
儇	1
鴯	1
賺	1
誏	1
閱	1
鍊	1
鉴	1
擻	1
醞	1
诺	1
钱	1
竅	1
滍	1
囝	1
鏟	1
选	1
鄳	1
悾	1
鷀	1
顙	1
懨	1
焊	1
靆	1
獞	1
遴	1
挩	1
巂	1
埆	1
凊	1
荩	1
彀	1
韛	1
鈉	1
蘑	1
捓	1
坛	1
埰	1
灵	1
摽	1
輊	1
袛	1
榱	1
踴	1
赞	1
齪	1
喎	1
礑	1
颐	1
憖	1
娧	1
怫	1
砻	1
陏	1
焠	1
褰	1
駻	1
螄	1
爍	1
砑	1
鰩	1
洳	1
琤	1
憭	1
瞹	1
轞	1
攅	1
蜙	1
褝	1
瀷	1
擄	1
嵕	1
腭	1
柮	1
阎	1
趟	1
碽	1
餼	1
硒	1
鱪	1
釷	1
紿	1
偍	1
悃	1
琠	1
枭	1
杂	1
閶	1
拄	1
盌	1
圌	1
逎	1
螗	1
猤	1
汆	1
淛	1
艚	1
卤	1
抃	1
蔂	1
褊	1
尧	1
醺	1
豇	1
淲	1
矶	1
塿	1
挘	1
犹	1
籒	1
緧	1
孨	1
蟫	1
悚	1
檞	1
璢	1
碪	1
穩	1
砠	1
玽	1
见	1
惛	1
椁	1
躄	1
邐	1
刧	1
兑	1
捝	1
揲	1
掇	1
禋	1
膛	1
晊	1
柟	1
迯	1
荇	1
偑	1
养	1
粏	1
袗	1
圾	1
仃	1
罎	1
譖	1
绣	1
饢	1
铿	1
輙	1
磌	1
慝	1
另	1
襭	1
递	1
嚩	1
槗	1
沚	1
躮	1
甿	1
还	1
恝	1
鯠	1
勦	1
掵	1
赖	1
黷	1
埽	1
涖	1
瓐	1
忢	1
諅	1
闻	1
籡	1
碏	1
倔	1
匾	1
浂	1
韑	1
釕	1
靦	1
袄	1
澖	1
掞	1
錩	1
议	1
馺	1
咼	1
糌	1
盐	1
蝱	1
秺	1
偿	1
悵	1
瑒	1
衚	1
卨	1
慴	1
哽	1
鞐	1
焿	1
緌	1
豭	1
蔎	1
玭	1
釁	1
统	1
擣	1
荢	1
櫧	1
雯	1
鲈	1
躔	1
劬	1
鮲	1
庴	1
饱	1
蕹	1
龟	1
愠	1
碱	1
鼴	1
橒	1
遖	1
旣	1
艢	1
仪	1
嵳	1
皃	1
蜎	1
鲟	1
搤	1
逬	1
伾	1
仓	1
籴	1
晸	1
桼	1
麈	1
爫	1
啅	1
魱	1
眘	1
槧	1
读	1
怍	1
犖	1
崟	1
靃	1
癙	1
磲	1
鱵	1
駉	1
甁	1
洑	1
嚬	1
亼	1
泐	1
斋	1
倮	1
鬴	1
樕	1
酃	1
塉	1
秈	1
淐	1
樨	1
魞	1
喂	1
錙	1
设	1
埖	1
紜	1
碵	1
軑	1
陖	1
翛	1
廱	1
墊	1
渑	1
够	1
噁	1
燄	1
篈	1
譓	1
晡	1
鬂	1
词	1
癴	1
针	1
愑	1
樷	1
鉇	1
曔	1
濺	1
佤	1
僱	1
闳	1
嚊	1
娀	1
檋	1
祂	1
雳	1
袌	1
堗	1
鼙	1
鎛	1
餬	1
湎	1
潸	1
藿	1
鮀	1
鶄	1
咊	1
蘩	1
赏	1
坳	1
櫶	1
蹹	1
鼂	1
叵	1
骄	1
庬	1
论	1
孅	1
陇	1
蠎	1
璱	1
瑆	1
苕	1
柧	1
稅	1
鮄	1
莔	1
徬	1
旐	1
嫚	1
污	1
泶	1
櫺	1
帀	1
堄	1
稘	1
訸	1
糗	1
昻	1
惔	1
铜	1
潡	1
緗	1
鏳	1
昑	1
碚	1
塅	1
剉	1
淌	1
扩	1
颻	1
婼	1
厢	1
鲨	1
茭	1
溴	1
廔	1
坥	1
铸	1
炡	1
燋	1
齔	1
煠	1
啸	1
晅	1
曚	1
绪	1
闸	1
搄	1
库	1
删	1
鬦	1
帨	1
鴪	1
缾	1
觝	1
牠	1
鐏	1
攄	1
焌	1
璥	1
昮	1
鮻	1
磽	1
譛	1
覉	1
栈	1
玥	1
猺	1
归	1
硨	1
宪	1
楉	1
奩	1
篪	1
蛬	1
扯	1
諴	1
砾	1
蕀	1
慘	1
脃	1
閠	1
鎤	1
巐	1
譟	1
哶	1
筿	1
馕	1
买	1
梴	1
晫	1
埶	1
螫	1
蝀	1
剎	1
苙	1
俛	1
軆	1
橉	1
裊	1
鏸	1
薉	1
蔞	1
霪	1
甾	1
扜	1
瑨	1
殂	1
綎	1
鐓	1
麤	1
丯	1
嘿	1
蟊	1
濚	1
鱣	1
碡	1
浘	1
暊	1
犒	1
欗	1
莜	1
臰	1
詀	1
癨	1
旵	1
复	1
鼹	1
鄽	1
观	1
釒	1
淚	1
遧	1
汯	1
优	1
幎	1
髡	1
雩	1
梂	1
纎	1
挛	1
鶤	1
苆	1
脞	1
钻	1
鵶	1
矽	1
蠃	1
砣	1
厪	1
輭	1
冓	1
粡	1
墹	1
髥	1
埧	1
阽	1
轗	1
惞	1
饣	1
茞	1
禥	1
頏	1
圑	1
购	1
跂	1
矦	1
灿	1
椄	1
鲍	1
夤	1
祤	1
鎨	1
傪	1
谭	1
枰	1
鐽	1
灕	1
糢	1
瀀	1
秱	1
伕	1
矚	1
癯	1
逖	1
窝	1
获	1
慠	1
崳	1
蕣	1
琄	1
趕	1
拋	1
偬	1
柹	1
启	1
蜹	1
繳	1
裼	1
垃	1
钅	1
热	1
窆	1
庞	1
魛	1
鷴	1
蟸	1
羝	1
釙	1
鸇	1
蠓	1
澒	1
芤	1
窴	1
浑	1
頞	1
谦	1
媵	1
鍄	1
皂	1
粆	1
笟	1
櫪	1
韬	1
辑	1
紲	1
蹐	1
呬	1
氧	1
菎	1
怺	1
纆	1
蜋	1
礟	1
竞	1
跼	1
麯	1
鑈	1
鷙	1
萓	1
窬	1
杕	1
艧	1
橷	1
賸	1
肑	1
頖	1
耦	1
讷	1
寗	1
帅	1
箬	1
苒	1
绚	1
鮁	1
栌	1
倜	1
汤	1
齮	1
蘓	1
锵	1
輹	1
囈	1
蹣	1
鋰	1
桷	1
挐	1
鰚	1
墭	1
鞳	1
樶	1
襌	1
荐	1
歠	1
悒	1
龘	1
鋆	1
扑	1
拦	1
嘜	1
喱	1
洶	1
该	1
饮	1
赶	1
摻	1
碙	1
檥	1
砮	1
矇	1
祘	1
续	1
娅	1
暒	1
椣	1
鐱	1
儳	1
鈵	1
巀	1
俌	1
裎	1
筯	1
鐇	1
蠏	1
芨	1
鳬	1
嗲	1
礄	1
楤	1
糭	1
坰	1
辠	1
匳	1
靛	1
诸	1
儖	0
竸	0
劵	0
咾	0
哘	0
啌	0
啝	0
囑	0
圸	0
埀	0
垉	0
塰	0
墫	0
墸	0
壗	0
娚	0
岶	0
岾	0
峇	0
峺	0
嵶	0
嶐	0
弃	0
怐	0
恷	0
悗	0
愡	0
愽	0
慯	0
慱	0
憇	0
抂	0
旙	0
暃	0
暼	0
朷	0
柆	0
桍	0
椢	0
椌	0
棔	0
椡	0
棆	0
楜	0
楴	0
榿	0
槝	0
樮	0
槞	0
樌	0
橲	0
橸	0
樢	0
櫑	0
欟	0
殕	0
毆	0
氤	0
汢	0
汳	0
泱	0
沺	0
浤	0
淕	0
渮	0
澑	0
甼	0
畍	0
畉	0
畆	0
疉	0
疂	0
眤	0
硴	0
碯	0
秡	0
稾	0
穃	0
笶	0
篏	0
粐	0
糘	0
緕	0
繿	0
罸	0
譱	0
聹	0
膤	0
茖	0
萋	0
蔆	0
萪	0
葹	0
蝪	0
蟐	0
觧	0
貭	0
賍	0
赱	0
踈	0
軅	0
軣	0
轣	0
釖	0
釡	0
釛	0
鈬	0
鍖	0
靹	0
馼	0
駲	0
鳫	0
鵈	0
鷏	0
